{
    "HH_SL_e_boosted_GGF_2018": {
        "cog": 0.49999999999999994,
        "nom": 2,
        "slope": 1
    },
    "HH_SL_e_boosted_TopH_2018": {
        "cog": 0.43534683204658897,
        "nom": 1.3122703094743537,
        "slope": -0.3914687499129579
    },
    "HH_SL_e_boosted_VBF_2018": {
        "cog": 0.49999999999999994,
        "nom": 2,
        "slope": 1
    },
    "HH_SL_e_inclusive_WJets_2018": {
        "cog": 0.4003959684548021,
        "nom": 1.0340754809150408,
        "slope": -2.184063834183952
    },
    "HH_SL_e_inclusive_other_2018": {
        "cog": 0.3849207647624964,
        "nom": 0.8883955933271528,
        "slope": 1.3817127622982706
    },
    "HH_SL_e_resolved1b_GGF_2018": {
        "cog": 0.2691961963559874,
        "nom": 0.7557134369277646,
        "slope": 1.3817127622982706
    },
    "HH_SL_e_resolved1b_VBF_2018": {
        "cog": 0.49999999999999994,
        "nom": 2,
        "slope": 1
    },
    "HH_SL_e_resolved2b_GGF_2018": {
        "cog": 0.49999999999999994,
        "nom": 2,
        "slope": 1
    },
    "HH_SL_e_resolved2b_VBF_2018": {
        "cog": 0.49999999999999994,
        "nom": 2,
        "slope": 1
    },
    "HH_SL_e_resolved_TopH_2018": {
        "cog": 0.40340646462444163,
        "nom": 0.811690730336687,
        "slope": 1.3682277494757131
    },
    "HH_SL_m_boosted_GGF_2018": {
        "cog": 0.49999999999999994,
        "nom": 2,
        "slope": 1
    },
    "HH_SL_m_boosted_TopH_2018": {
        "cog": 0.4238550973346174,
        "nom": 1.2617077505991443,
        "slope": 1.7759811670339856
    },
    "HH_SL_m_boosted_VBF_2018": {
        "cog": 0.5408163265306122,
        "nom": 0.2891707268625276,
        "slope": 1.7759811670339856
    },
    "HH_SL_m_inclusive_WJets_2018": {
        "cog": 0.3718065018359186,
        "nom": 1.0791078292129077,
        "slope": -1.9932101781016285
    },
    "HH_SL_m_inclusive_other_2018": {
        "cog": 0.3704028561918399,
        "nom": 1.093820911342342,
        "slope": 0.26883133558858907
    },
    "HH_SL_m_resolved1b_GGF_2018": {
        "cog": 0.36441949034388416,
        "nom": 2,
        "slope": 0.26883133558858907
    },
    "HH_SL_m_resolved1b_VBF_2018": {
        "cog": 0.3795298033343633,
        "nom": 1.754525933289544,
        "slope": 4.513366540273047
    },
    "HH_SL_m_resolved2b_GGF_2018": {
        "cog": 0.49999999999999994,
        "nom": 2,
        "slope": 1
    },
    "HH_SL_m_resolved2b_VBF_2018": {
        "cog": 0.49999999999999994,
        "nom": 2,
        "slope": 1
    },
    "HH_SL_m_resolved_TopH_2018": {
        "cog": 0.39590013068825985,
        "nom": 1.006603990789201,
        "slope": -0.33699407018484856
    },
    "HH_e_SL_boosted_GGF_2018": {
        "cog": 0.49999999999999994,
        "nom": 2,
        "slope": 1
    },
    "HH_e_SL_boosted_TopH_2018": {
        "cog": 0.43534683204658897,
        "nom": 1.3122703094743537,
        "slope": -0.3914687499129579
    },
    "HH_e_SL_boosted_VBF_2018": {
        "cog": 0.49999999999999994,
        "nom": 2,
        "slope": 1
    },
    "HH_e_SL_inclusive_WJets_2018": {
        "cog": 0.4003959684548021,
        "nom": 1.0340754809150408,
        "slope": -2.184063834183952
    },
    "HH_e_SL_inclusive_other_2018": {
        "cog": 0.3849207647624964,
        "nom": 0.8883955933271528,
        "slope": 1.3817127622982706
    },
    "HH_e_SL_resolved1b_GGF_2018": {
        "cog": 0.2691961963559874,
        "nom": 0.7557134369277646,
        "slope": 1.3817127622982706
    },
    "HH_e_SL_resolved1b_VBF_2018": {
        "cog": 0.49999999999999994,
        "nom": 2,
        "slope": 1
    },
    "HH_e_SL_resolved2b_GGF_2018": {
        "cog": 0.49999999999999994,
        "nom": 2,
        "slope": 1
    },
    "HH_e_SL_resolved2b_VBF_2018": {
        "cog": 0.49999999999999994,
        "nom": 2,
        "slope": 1
    },
    "HH_e_SL_resolved_TopH_2018": {
        "cog": 0.40340646462444163,
        "nom": 0.811690730336687,
        "slope": 1.3682277494757131
    },
    "HH_m_SL_boosted_GGF_2018": {
        "cog": 0.49999999999999994,
        "nom": 2,
        "slope": 1
    },
    "HH_m_SL_boosted_TopH_2018": {
        "cog": 0.4238550973346174,
        "nom": 1.2617077505991443,
        "slope": 1.7759811670339856
    },
    "HH_m_SL_boosted_VBF_2018": {
        "cog": 0.5408163265306122,
        "nom": 0.2891707268625276,
        "slope": 1.7759811670339856
    },
    "HH_m_SL_inclusive_WJets_2018": {
        "cog": 0.3718065018359186,
        "nom": 1.0791078292129077,
        "slope": -1.9932101781016285
    },
    "HH_m_SL_inclusive_other_2018": {
        "cog": 0.3704028561918399,
        "nom": 1.093820911342342,
        "slope": 0.26883133558858907
    },
    "HH_m_SL_resolved1b_GGF_2018": {
        "cog": 0.36441949034388416,
        "nom": 2,
        "slope": 0.26883133558858907
    },
    "HH_m_SL_resolved1b_VBF_2018": {
        "cog": 0.3795298033343633,
        "nom": 1.754525933289544,
        "slope": 4.513366540273047
    },
    "HH_m_SL_resolved2b_GGF_2018": {
        "cog": 0.49999999999999994,
        "nom": 2,
        "slope": 1
    },
    "HH_m_SL_resolved2b_VBF_2018": {
        "cog": 0.49999999999999994,
        "nom": 2,
        "slope": 1
    },
    "HH_m_SL_resolved_TopH_2018": {
        "cog": 0.39590013068825985,
        "nom": 1.006603990789201,
        "slope": -0.33699407018484856
    }
}