{
    "HH_SL_e_boosted_GGF_2016": {
        "cog": 0.49999999999999994,
        "nom": 2,
        "slope": 1
    },
    "HH_SL_e_boosted_TopH_2016": {
        "cog": 0.4744229131432943,
        "nom": 1.0954708846681387,
        "slope": 3.422231378926821
    },
    "HH_SL_e_boosted_VBF_2016": {
        "cog": 0.49999999999999994,
        "nom": 2,
        "slope": 1
    },
    "HH_SL_e_inclusive_WJets_2016": {
        "cog": 0.40167005133940936,
        "nom": 0.9821904862710092,
        "slope": -1.1898712981608093
    },
    "HH_SL_e_inclusive_other_2016": {
        "cog": 0.37420008122967546,
        "nom": 1.188063230107982,
        "slope": -0.26412727776046746
    },
    "HH_SL_e_resolved1b_GGF_2016": {
        "cog": 0.24913702321544895,
        "nom": 1.6319574140088382,
        "slope": 2.666666666666667
    },
    "HH_SL_e_resolved1b_VBF_2016": {
        "cog": 0.49999999999999994,
        "nom": 2,
        "slope": 1
    },
    "HH_SL_e_resolved2b_GGF_2016": {
        "cog": 0.49999999999999994,
        "nom": 2,
        "slope": 1
    },
    "HH_SL_e_resolved2b_VBF_2016": {
        "cog": 0.49999999999999994,
        "nom": 2,
        "slope": 1
    },
    "HH_SL_e_resolved_TopH_2016": {
        "cog": 0.41011071166978635,
        "nom": 1.2020316059774412,
        "slope": 1.1371065557008175
    },
    "HH_SL_m_boosted_GGF_2016": {
        "cog": 0.49999999999999994,
        "nom": 2,
        "slope": 1
    },
    "HH_SL_m_boosted_TopH_2016": {
        "cog": 0.44656687590898186,
        "nom": 1.2114492080156753,
        "slope": -0.21460707599519335
    },
    "HH_SL_m_boosted_VBF_2016": {
        "cog": 0.49999999999999994,
        "nom": 2,
        "slope": 1
    },
    "HH_SL_m_inclusive_WJets_2016": {
        "cog": 0.3801454039311388,
        "nom": 1.4377684001300053,
        "slope": -0.5339755934162387
    },
    "HH_SL_m_inclusive_other_2016": {
        "cog": 0.36510028984745213,
        "nom": 1.4422746427255222,
        "slope": -0.7723927743916909
    },
    "HH_SL_m_resolved1b_GGF_2016": {
        "cog": 0.49999999999999994,
        "nom": 2,
        "slope": 1
    },
    "HH_SL_m_resolved1b_VBF_2016": {
        "cog": 0.3004719299392267,
        "nom": 2,
        "slope": -0.7723927743916909
    },
    "HH_SL_m_resolved2b_GGF_2016": {
        "cog": 0.3793794161546652,
        "nom": 2,
        "slope": -0.7723927743916909
    },
    "HH_SL_m_resolved2b_VBF_2016": {
        "cog": 0.29591836734693877,
        "nom": 0.33928607490776713,
        "slope": -0.7723927743916909
    },
    "HH_SL_m_resolved_TopH_2016": {
        "cog": 0.40365857117567167,
        "nom": 1.4106920997823515,
        "slope": 0.31163015096778585
    },
    "HH_e_SL_boosted_GGF_2016": {
        "cog": 0.49999999999999994,
        "nom": 2,
        "slope": 1
    },
    "HH_e_SL_boosted_TopH_2016": {
        "cog": 0.4744229131432943,
        "nom": 1.0954708846681387,
        "slope": 3.422231378926821
    },
    "HH_e_SL_boosted_VBF_2016": {
        "cog": 0.49999999999999994,
        "nom": 2,
        "slope": 1
    },
    "HH_e_SL_inclusive_WJets_2016": {
        "cog": 0.40167005133940936,
        "nom": 0.9821904862710092,
        "slope": -1.1898712981608093
    },
    "HH_e_SL_inclusive_other_2016": {
        "cog": 0.37420008122967546,
        "nom": 1.188063230107982,
        "slope": -0.26412727776046746
    },
    "HH_e_SL_resolved1b_GGF_2016": {
        "cog": 0.24913702321544895,
        "nom": 1.6319574140088382,
        "slope": 2.666666666666667
    },
    "HH_e_SL_resolved1b_VBF_2016": {
        "cog": 0.49999999999999994,
        "nom": 2,
        "slope": 1
    },
    "HH_e_SL_resolved2b_GGF_2016": {
        "cog": 0.49999999999999994,
        "nom": 2,
        "slope": 1
    },
    "HH_e_SL_resolved2b_VBF_2016": {
        "cog": 0.49999999999999994,
        "nom": 2,
        "slope": 1
    },
    "HH_e_SL_resolved_TopH_2016": {
        "cog": 0.41011071166978635,
        "nom": 1.2020316059774412,
        "slope": 1.1371065557008175
    },
    "HH_m_SL_boosted_GGF_2016": {
        "cog": 0.49999999999999994,
        "nom": 2,
        "slope": 1
    },
    "HH_m_SL_boosted_TopH_2016": {
        "cog": 0.44656687590898186,
        "nom": 1.2114492080156753,
        "slope": -0.21460707599519335
    },
    "HH_m_SL_boosted_VBF_2016": {
        "cog": 0.49999999999999994,
        "nom": 2,
        "slope": 1
    },
    "HH_m_SL_inclusive_WJets_2016": {
        "cog": 0.3801454039311388,
        "nom": 1.4377684001300053,
        "slope": -0.5339755934162387
    },
    "HH_m_SL_inclusive_other_2016": {
        "cog": 0.36510028984745213,
        "nom": 1.4422746427255222,
        "slope": -0.7723927743916909
    },
    "HH_m_SL_resolved1b_GGF_2016": {
        "cog": 0.49999999999999994,
        "nom": 2,
        "slope": 1
    },
    "HH_m_SL_resolved1b_VBF_2016": {
        "cog": 0.3004719299392267,
        "nom": 2,
        "slope": -0.7723927743916909
    },
    "HH_m_SL_resolved2b_GGF_2016": {
        "cog": 0.3793794161546652,
        "nom": 2,
        "slope": -0.7723927743916909
    },
    "HH_m_SL_resolved2b_VBF_2016": {
        "cog": 0.29591836734693877,
        "nom": 0.33928607490776713,
        "slope": -0.7723927743916909
    },
    "HH_m_SL_resolved_TopH_2016": {
        "cog": 0.40365857117567167,
        "nom": 1.4106920997823515,
        "slope": 0.31163015096778585
    }
}