{
    "HH_SL_e_boosted_GGF_2017": {
        "cog": 0.49999999999999994,
        "nom": 2,
        "slope": 1
    },
    "HH_SL_e_boosted_TopH_2017": {
        "cog": 0.4444863318620527,
        "nom": 0.9394709616730599,
        "slope": 2.8956761834988702
    },
    "HH_SL_e_boosted_VBF_2017": {
        "cog": 0.49999999999999994,
        "nom": 2,
        "slope": 1
    },
    "HH_SL_e_inclusive_WJets_2017": {
        "cog": 0.4225832059437568,
        "nom": 0.777174219243938,
        "slope": 0.11957539064398769
    },
    "HH_SL_e_inclusive_other_2017": {
        "cog": 0.36686657654280985,
        "nom": 0.6413569220712119,
        "slope": 0.9683887130583632
    },
    "HH_SL_e_resolved1b_GGF_2017": {
        "cog": 0.32584976333925486,
        "nom": 2,
        "slope": 4.566777378320686
    },
    "HH_SL_e_resolved1b_VBF_2017": {
        "cog": 0.2989822161241807,
        "nom": 2,
        "slope": -1.6335263219144627
    },
    "HH_SL_e_resolved2b_GGF_2017": {
        "cog": 0.49999999999999994,
        "nom": 2,
        "slope": 1
    },
    "HH_SL_e_resolved2b_VBF_2017": {
        "cog": 0.49999999999999994,
        "nom": 2,
        "slope": 1
    },
    "HH_SL_e_resolved_TopH_2017": {
        "cog": 0.4042293010930484,
        "nom": 0.6203462602274673,
        "slope": 1.4956489647259568
    },
    "HH_SL_m_boosted_GGF_2017": {
        "cog": 0.49999999999999994,
        "nom": 2,
        "slope": 1
    },
    "HH_SL_m_boosted_TopH_2017": {
        "cog": 0.430178251503067,
        "nom": 1.2652144564483794,
        "slope": 0.9519993221834915
    },
    "HH_SL_m_boosted_VBF_2017": {
        "cog": 0.49999999999999994,
        "nom": 2,
        "slope": 1
    },
    "HH_SL_m_inclusive_WJets_2017": {
        "cog": 0.39634292570076785,
        "nom": 1.4935795027607346,
        "slope": -0.2800329139578429
    },
    "HH_SL_m_inclusive_other_2017": {
        "cog": 0.3532356062842414,
        "nom": 1.2643671921856137,
        "slope": -0.5841395287439386
    },
    "HH_SL_m_resolved1b_GGF_2017": {
        "cog": 0.35222903409020595,
        "nom": 2,
        "slope": 1.319998162668889
    },
    "HH_SL_m_resolved1b_VBF_2017": {
        "cog": 0.3907985433507772,
        "nom": 1.9376138597887003,
        "slope": 1.4197285657544993
    },
    "HH_SL_m_resolved2b_GGF_2017": {
        "cog": 0.49999999999999994,
        "nom": 2,
        "slope": 1
    },
    "HH_SL_m_resolved2b_VBF_2017": {
        "cog": 0.49999999999999994,
        "nom": 2,
        "slope": 1
    },
    "HH_SL_m_resolved_TopH_2017": {
        "cog": 0.39521814801208005,
        "nom": 1.139827788632094,
        "slope": -3.274702797097221
    },
    "HH_e_SL_boosted_GGF_2017": {
        "cog": 0.49999999999999994,
        "nom": 2,
        "slope": 1
    },
    "HH_e_SL_boosted_TopH_2017": {
        "cog": 0.4444863318620527,
        "nom": 0.9394709616730599,
        "slope": 2.8956761834988702
    },
    "HH_e_SL_boosted_VBF_2017": {
        "cog": 0.49999999999999994,
        "nom": 2,
        "slope": 1
    },
    "HH_e_SL_inclusive_WJets_2017": {
        "cog": 0.4225832059437568,
        "nom": 0.777174219243938,
        "slope": 0.11957539064398769
    },
    "HH_e_SL_inclusive_other_2017": {
        "cog": 0.36686657654280985,
        "nom": 0.6413569220712119,
        "slope": 0.9683887130583632
    },
    "HH_e_SL_resolved1b_GGF_2017": {
        "cog": 0.32584976333925486,
        "nom": 2,
        "slope": 4.566777378320686
    },
    "HH_e_SL_resolved1b_VBF_2017": {
        "cog": 0.2989822161241807,
        "nom": 2,
        "slope": -1.6335263219144627
    },
    "HH_e_SL_resolved2b_GGF_2017": {
        "cog": 0.49999999999999994,
        "nom": 2,
        "slope": 1
    },
    "HH_e_SL_resolved2b_VBF_2017": {
        "cog": 0.49999999999999994,
        "nom": 2,
        "slope": 1
    },
    "HH_e_SL_resolved_TopH_2017": {
        "cog": 0.4042293010930484,
        "nom": 0.6203462602274673,
        "slope": 1.4956489647259568
    },
    "HH_m_SL_boosted_GGF_2017": {
        "cog": 0.49999999999999994,
        "nom": 2,
        "slope": 1
    },
    "HH_m_SL_boosted_TopH_2017": {
        "cog": 0.430178251503067,
        "nom": 1.2652144564483794,
        "slope": 0.9519993221834915
    },
    "HH_m_SL_boosted_VBF_2017": {
        "cog": 0.49999999999999994,
        "nom": 2,
        "slope": 1
    },
    "HH_m_SL_inclusive_WJets_2017": {
        "cog": 0.39634292570076785,
        "nom": 1.4935795027607346,
        "slope": -0.2800329139578429
    },
    "HH_m_SL_inclusive_other_2017": {
        "cog": 0.3532356062842414,
        "nom": 1.2643671921856137,
        "slope": -0.5841395287439386
    },
    "HH_m_SL_resolved1b_GGF_2017": {
        "cog": 0.35222903409020595,
        "nom": 2,
        "slope": 1.319998162668889
    },
    "HH_m_SL_resolved1b_VBF_2017": {
        "cog": 0.3907985433507772,
        "nom": 1.9376138597887003,
        "slope": 1.4197285657544993
    },
    "HH_m_SL_resolved2b_GGF_2017": {
        "cog": 0.49999999999999994,
        "nom": 2,
        "slope": 1
    },
    "HH_m_SL_resolved2b_VBF_2017": {
        "cog": 0.49999999999999994,
        "nom": 2,
        "slope": 1
    },
    "HH_m_SL_resolved_TopH_2017": {
        "cog": 0.39521814801208005,
        "nom": 1.139827788632094,
        "slope": -3.274702797097221
    }
}