{
    "dimension": 2,
    "variables": [
        "Eta",
        "Pt"
    ],
    "error_type": "absolute",
    "binning": {
        "x": [
            -2.5,
            2.5
        ],
        "y": [
            0.16,
            0.18,
            0.2,
            0.22,
            0.24
        ]
    },
    "data": [
        {
            "bin": [
                -2.5,
                2.5
            ],
            "values": [
                {
                    "bin": [
                        0.16,
                        0.18
                    ],
                    "value": 31.570552462717053,
                    "error_low": 46.12999004904956,
                    "error_high": 46.12999004904956
                },
                {
                    "bin": [
                        0.18,
                        0.2
                    ],
                    "value": 35.736148307206655,
                    "error_low": 34.500699942040264,
                    "error_high": 34.500699942040264
                },
                {
                    "bin": [
                        0.2,
                        0.22
                    ],
                    "value": 52.96339986642203,
                    "error_low": 34.10464324858845,
                    "error_high": 34.10464324858845
                },
                {
                    "bin": [
                        0.22,
                        0.24
                    ],
                    "value": 95.2052167566484,
                    "error_low": 62.95448558907744,
                    "error_high": 62.95448558907744
                }
            ]
        }
    ]
}