{
    "dimension": 2,
    "variables": [
        "Eta",
        "Pt"
    ],
    "error_type": "absolute",
    "binning": {
        "x": [
            -2.5,
            2.5
        ],
        "y": [
            15.0,
            20.0,
            25.0,
            30.0,
            35.0,
            40.0,
            45.0,
            50.0,
            55.0,
            60.0,
            65.0,
            70.0,
            75.0,
            80.0,
            85.0,
            90.0,
            95.0,
            100.0,
            105.0,
            110.0,
            115.0,
            120.0,
            125.0,
            130.0,
            135.0,
            140.0,
            145.0,
            150.0,
            155.0,
            160.0,
            165.0,
            170.0,
            175.0,
            180.0,
            185.0,
            190.0,
            195.0,
            200.0,
            205.0,
            210.0,
            215.0,
            220.0,
            225.0,
            230.0,
            235.0,
            240.0,
            245.0,
            250.0,
            255.0,
            260.0,
            265.0,
            270.0,
            275.0,
            280.0,
            285.0,
            290.0,
            295.0,
            300.0
        ]
    },
    "data": [
        {
            "bin": [
                -2.5,
                2.5
            ],
            "values": [
                {
                    "bin": [
                        15.0,
                        20.0
                    ],
                    "value": 0.6943299115733645,
                    "error_low": 0.39786292713166316,
                    "error_high": 0.39786292713166316
                },
                {
                    "bin": [
                        20.0,
                        25.0
                    ],
                    "value": 0.13563642265765374,
                    "error_low": 0.012091068334544933,
                    "error_high": 0.012091068334544933
                },
                {
                    "bin": [
                        25.0,
                        30.0
                    ],
                    "value": 0.11379611368308659,
                    "error_low": 0.0036885488807080944,
                    "error_high": 0.0036885488807080944
                },
                {
                    "bin": [
                        30.0,
                        35.0
                    ],
                    "value": 0.11708025683288166,
                    "error_low": 0.0024884018300719555,
                    "error_high": 0.0024884018300719555
                },
                {
                    "bin": [
                        35.0,
                        40.0
                    ],
                    "value": 0.11993506203481538,
                    "error_low": 0.0018037989922561953,
                    "error_high": 0.0018037989922561953
                },
                {
                    "bin": [
                        40.0,
                        45.0
                    ],
                    "value": 0.11899506356508623,
                    "error_low": 0.0012961275307625988,
                    "error_high": 0.0012961275307625988
                },
                {
                    "bin": [
                        45.0,
                        50.0
                    ],
                    "value": 0.1174201844588478,
                    "error_low": 0.0010031291883781121,
                    "error_high": 0.0010031291883781121
                },
                {
                    "bin": [
                        50.0,
                        55.0
                    ],
                    "value": 0.11873923717312994,
                    "error_low": 0.0010320613774655572,
                    "error_high": 0.0010320613774655572
                },
                {
                    "bin": [
                        55.0,
                        60.0
                    ],
                    "value": 0.11717987057651787,
                    "error_low": 0.0011079887778473183,
                    "error_high": 0.0011079887778473183
                },
                {
                    "bin": [
                        60.0,
                        65.0
                    ],
                    "value": 0.1178905044523228,
                    "error_low": 0.001218504615249962,
                    "error_high": 0.001218504615249962
                },
                {
                    "bin": [
                        65.0,
                        70.0
                    ],
                    "value": 0.11914726758303709,
                    "error_low": 0.00135149981570861,
                    "error_high": 0.00135149981570861
                },
                {
                    "bin": [
                        70.0,
                        75.0
                    ],
                    "value": 0.120105310366604,
                    "error_low": 0.0015005961704986615,
                    "error_high": 0.0015005961704986615
                },
                {
                    "bin": [
                        75.0,
                        80.0
                    ],
                    "value": 0.12112121175995301,
                    "error_low": 0.0016776037037367017,
                    "error_high": 0.0016776037037367017
                },
                {
                    "bin": [
                        80.0,
                        85.0
                    ],
                    "value": 0.11886097248803615,
                    "error_low": 0.001833512434792871,
                    "error_high": 0.001833512434792871
                },
                {
                    "bin": [
                        85.0,
                        90.0
                    ],
                    "value": 0.12181993170044723,
                    "error_low": 0.002062987378387714,
                    "error_high": 0.002062987378387714
                },
                {
                    "bin": [
                        90.0,
                        95.0
                    ],
                    "value": 0.12204374020810697,
                    "error_low": 0.002297321484610845,
                    "error_high": 0.002297321484610845
                },
                {
                    "bin": [
                        95.0,
                        100.0
                    ],
                    "value": 0.12095551776604666,
                    "error_low": 0.002528355842316794,
                    "error_high": 0.002528355842316794
                },
                {
                    "bin": [
                        100.0,
                        105.0
                    ],
                    "value": 0.121874688481205,
                    "error_low": 0.0027969155001407236,
                    "error_high": 0.0027969155001407236
                },
                {
                    "bin": [
                        105.0,
                        110.0
                    ],
                    "value": 0.1192729522163249,
                    "error_low": 0.0030278724318867907,
                    "error_high": 0.0030278724318867907
                },
                {
                    "bin": [
                        110.0,
                        115.0
                    ],
                    "value": 0.12390927659075492,
                    "error_low": 0.0033569522936223195,
                    "error_high": 0.0033569522936223195
                },
                {
                    "bin": [
                        115.0,
                        120.0
                    ],
                    "value": 0.12577490412447456,
                    "error_low": 0.0037313890107909683,