{
    "dimension": 2,
    "variables": [
        "AbsEta",
        "Pt"
    ],
    "error_type": "absolute",
    "binning": {
        "x": [
            0,
            2.5
        ],
        "y": [
            25.0,
            30.0,
            35.0,
            40.0,
            45.0,
            50.0,
            55.0,
            60.0,
            65.0,
            70.0,
            75.0,
            80.0,
            85.0,
            90.0,
            95.0,
            100.0,
            105.0,
            110.0,
            115.0,
            120.0,
            125.0,
            130.0,
            135.0,
            140.0,
            145.0,
            150.0,
            155.0,
            160.0,
            165.0,
            170.0,
            175.0,
            180.0,
            185.0,
            190.0,
            195.0,
            200.0,
            205.0,
            210.0,
            215.0,
            220.0,
            225.0,
            230.0,
            235.0,
            240.0,
            245.0,
            250.0,
            255.0,
            260.0,
            265.0,
            270.0,
            275.0,
            280.0,
            285.0,
            290.0,
            295.0,
            300.0
        ]
    },
    "data": [
        {
            "bin": [
                0,
                2.5
            ],
            "values": [
                {
                    "bin": [
                        25.0,
                        30.0
                    ],
                    "value": 0.12660396099090576,
                    "error_low": 0.008023838058890015,
                    "error_high": 0.008023838058890015
                },
                {
                    "bin": [
                        30.0,
                        35.0
                    ],
                    "value": 0.1190534383058548,
                    "error_low": 0.0049993327688578676,
                    "error_high": 0.0049993327688578676
                },
                {
                    "bin": [
                        35.0,
                        40.0
                    ],
                    "value": 0.11769009381532669,
                    "error_low": 0.0035578719857099965,
                    "error_high": 0.0035578719857099965
                },
                {
                    "bin": [
                        40.0,
                        45.0
                    ],
                    "value": 0.11507119983434677,
                    "error_low": 0.0025609227809258125,
                    "error_high": 0.0025609227809258125
                },
                {
                    "bin": [
                        45.0,
                        50.0
                    ],
                    "value": 0.1197405755519867,
                    "error_low": 0.002068397927489012,
                    "error_high": 0.002068397927489012
                },
                {
                    "bin": [
                        50.0,
                        55.0
                    ],
                    "value": 0.11781385540962219,
                    "error_low": 0.002061711305665657,
                    "error_high": 0.002061711305665657
                },
                {
                    "bin": [
                        55.0,
                        60.0
                    ],
                    "value": 0.12182094901800156,
                    "error_low": 0.002218347587775697,
                    "error_high": 0.002218347587775697
                },
                {
                    "bin": [
                        60.0,
                        65.0
                    ],
                    "value": 0.1211095005273819,
                    "error_low": 0.002390611665108162,
                    "error_high": 0.002390611665108162
                },
                {
                    "bin": [
                        65.0,
                        70.0
                    ],
                    "value": 0.11702093482017517,
                    "error_low": 0.0025619268069399163,
                    "error_high": 0.0025619268069399163
                },
                {
                    "bin": [
                        70.0,
                        75.0
                    ],
                    "value": 0.11998376995325089,
                    "error_low": 0.002859299717846809,
                    "error_high": 0.002859299717846809
                },
                {
                    "bin": [
                        75.0,
                        80.0
                    ],
                    "value": 0.1247241422533989,
                    "error_low": 0.0032126858464539263,
                    "error_high": 0.0032126858464539263
                },
                {
                    "bin": [
                        80.0,
                        85.0
                    ],
                    "value": 0.11791491508483887,
                    "error_low": 0.0033704975038072967,
                    "error_high": 0.0033704975038072967
                },
                {
                    "bin": [
                        85.0,
                        90.0
                    ],
                    "value": 0.12491542100906372,
                    "error_low": 0.003863573912167938,
                    "error_high": 0.003863573912167938
                },
                {
                    "bin": [
                        90.0,
                        95.0
                    ],
                    "value": 0.12462899088859558,
                    "error_low": 0.004285598049488909,
                    "error_high": 0.004285598049488909
                },
                {
                    "bin": [
                        95.0,
                        100.0
                    ],
                    "value": 0.11940637230873108,
                    "error_low": 0.004499485219718046,
                    "error_high": 0.004499485219718046
                },
                {
                    "bin": [
                        100.0,
                        105.0
                    ],
                    "value": 0.12908244132995605,
                    "error_low": 0.005657472787568175,
                    "error_high": 0.005657472787568175
                },
                {
                    "bin": [
                        105.0,
                        110.0
                    ],
                    "value": 0.12213174253702164,
                    "error_low": 0.005553705068644597,
                    "error_high": 0.005553705068644597
                },
                {
                    "bin": [
                        110.0,
                        115.0
                    ],
                    "value": 0.12782853841781616,
                    "error_low": 0.006171584349055617,
                    "error_high": 0.006171584349055617
                },
                {
                    "bin": [
                        115.0,
                        120.0
                    ],
                    "value": 0.12149656563997269,
                    "error_low": 0.00653798881002713,
                    "error_high": 0.00653798881002713
                },
                {
                    "bin": [
                        120.0,
                        125.0
                    ],
                    "value": 0.1192694827914238,
                    "error_low": 0.007113890099996594,
                    "error_high": 0.007113890099996594
                },
                {
                    "bin": [
                        125.0,
                        130.0
                    ],
                    "value": 0.13496440649032593,
                    "error_low": 0.008307148602523379,