{
    "dimension": 2,
    "variables": [
        "Eta",
        "Pt"
    ],
    "error_type": "absolute",
    "binning": {
        "x": [
            -2.5,
            2.5
        ],
        "y": [
            0.18,
            0.2,
            0.22,
            0.24,
            0.26
        ]
    },
    "data": [
        {
            "bin": [
                -2.5,
                2.5
            ],
            "values": [
                {
                    "bin": [
                        0.18,
                        0.2
                    ],
                    "value": 0.004822652078149157,
                    "error_low": 0.0020795180045082096,
                    "error_high": 0.0020795180045082096
                },
                {
                    "bin": [
                        0.2,
                        0.22
                    ],
                    "value": 0.030713952514946685,
                    "error_low": 0.009041176991797299,
                    "error_high": 0.009041176991797299
                },
                {
                    "bin": [
                        0.22,
                        0.24
                    ],
                    "value": 0.48583460658488237,
                    "error_low": 0.3040169152617825,
                    "error_high": 0.3040169152617825
                },
                {
                    "bin": [
                        0.24,
                        0.26
                    ],
                    "value": 1.4777653192412084,
                    "error_low": 2.1205254701289236,
                    "error_high": 2.1205254701289236
                }
            ]
        }
    ]
}