{
    "dimension": 2,
    "variables": [
        "Eta",
        "Pt"
    ],
    "error_type": "absolute",
    "binning": {
        "x": [
            -2.5,
            2.5
        ],
        "y": [
            10.0,
            15.0,
            20.0,
            25.0,
            30.0,
            35.0,
            40.0,
            45.0,
            50.0,
            55.0,
            60.0,
            65.0,
            70.0,
            75.0,
            80.0,
            85.0,
            90.0,
            95.0,
            100.0,
            105.0,
            110.0,
            115.0,
            120.0,
            125.0,
            130.0,
            135.0,
            140.0,
            145.0,
            150.0,
            155.0,
            160.0,
            165.0,
            170.0,
            175.0,
            180.0,
            185.0,
            190.0,
            195.0,
            200.0,
            205.0,
            210.0,
            215.0,
            220.0,
            225.0,
            230.0,
            235.0,
            240.0,
            245.0,
            250.0,
            255.0,
            260.0,
            265.0,
            270.0,
            275.0,
            280.0,
            285.0,
            290.0,
            295.0,
            300.0
        ]
    },
    "data": [
        {
            "bin": [
                -2.5,
                2.5
            ],
            "values": [
                {
                    "bin": [
                        10.0,
                        15.0
                    ],
                    "value": 1.5414231230914348,
                    "error_low": 2.290928446672074,
                    "error_high": 2.290928446672074
                },
                {
                    "bin": [
                        15.0,
                        20.0
                    ],
                    "value": 0.32181692234134296,
                    "error_low": 0.34037537275944824,
                    "error_high": 0.34037537275944824
                },
                {
                    "bin": [
                        20.0,
                        25.0
                    ],
                    "value": 0.12866488345249116,
                    "error_low": 0.03319017195100546,
                    "error_high": 0.03319017195100546
                },
                {
                    "bin": [
                        25.0,
                        30.0
                    ],
                    "value": 0.11921556483759582,
                    "error_low": 0.010793036768677294,
                    "error_high": 0.010793036768677294
                },
                {
                    "bin": [
                        30.0,
                        35.0
                    ],
                    "value": 0.1130728702855272,
                    "error_low": 0.0066389004242112595,
                    "error_high": 0.0066389004242112595
                },
                {
                    "bin": [
                        35.0,
                        40.0
                    ],
                    "value": 0.11198765059727257,
                    "error_low": 0.004604185016426769,
                    "error_high": 0.004604185016426769
                },
                {
                    "bin": [
                        40.0,
                        45.0
                    ],
                    "value": 0.10890693362127801,
                    "error_low": 0.00328343937528873,
                    "error_high": 0.00328343937528873
                },
                {
                    "bin": [
                        45.0,
                        50.0
                    ],
                    "value": 0.11628870377104189,
                    "error_low": 0.0026017153160468585,
                    "error_high": 0.0026017153160468585
                },
                {
                    "bin": [
                        50.0,
                        55.0
                    ],
                    "value": 0.1116893893637993,
                    "error_low": 0.0025744676331280253,
                    "error_high": 0.0025744676331280253
                },
                {
                    "bin": [
                        55.0,
                        60.0
                    ],
                    "value": 0.11713297933750497,
                    "error_low": 0.0027785123202556214,
                    "error_high": 0.0027785123202556214
                },
                {
                    "bin": [
                        60.0,
                        65.0
                    ],
                    "value": 0.1165290603832266,
                    "error_low": 0.003015998265071595,
                    "error_high": 0.003015998265071595
                },
                {
                    "bin": [
                        65.0,
                        70.0
                    ],
                    "value": 0.11307805689215868,
                    "error_low": 0.0032324219424673013,
                    "error_high": 0.0032324219424673013
                },
                {
                    "bin": [
                        70.0,
                        75.0
                    ],
                    "value": 0.1139498638049803,
                    "error_low": 0.0036080646790985728,
                    "error_high": 0.0036080646790985728
                },
                {
                    "bin": [
                        75.0,
                        80.0
                    ],
                    "value": 0.12050711580848839,
                    "error_low": 0.004078330466298093,
                    "error_high": 0.004078330466298093
                },
                {
                    "bin": [
                        80.0,
                        85.0
                    ],
                    "value": 0.11508442315359006,
                    "error_low": 0.004308055930736486,
                    "error_high": 0.004308055930736486
                },
                {
                    "bin": [
                        85.0,
                        90.0
                    ],
                    "value": 0.11817896250330566,
                    "error_low": 0.004909688459252713,
                    "error_high": 0.004909688459252713
                },
                {
                    "bin": [
                        90.0,
                        95.0
                    ],
                    "value": 0.12360348310899037,
                    "error_low": 0.005562029393877,
                    "error_high": 0.005562029393877
                },
                {
                    "bin": [
                        95.0,
                        100.0
                    ],
                    "value": 0.11608141868955721,
                    "error_low": 0.005810856510859338,
                    "error_high": 0.005810856510859338
                },
                {
                    "bin": [
                        100.0,
                        105.0
                    ],
                    "value": 0.13174541460068465,
                    "error_low": 0.007009050059194846,
                    "error_high": 0.007009050059194846
                },
                {
                    "bin": [
                        105.0,
                        110.0
                    ],
                    "value": 0.12103804347137646,
                    "error_low": 0.007325632584691819,
                    "error_high": 0.007325632584691819
                },
                {
                    "bin": [
                        110.0,
                        115.0
                    ],
                    "value": 0.12189830008965061,
                    "error_low": 0.007954058734953683,