{
    "dimension": 2,
    "variables": [
        "Eta",
        "Pt"
    ],
    "error_type": "absolute",
    "binning": {
        "x": [
            -2.5,
            2.5
        ],
        "y": [
            0.16,
            0.18,
            0.2,
            0.22,
            0.24
        ]
    },
    "data": [
        {
            "bin": [
                -2.5,
                2.5
            ],
            "values": [
                {
                    "bin": [
                        0.16,
                        0.18
                    ],
                    "value": 1.351449759461615,
                    "error_low": 1.9056687980580593,
                    "error_high": 1.9056687980580593
                },
                {
                    "bin": [
                        0.18,
                        0.2
                    ],
                    "value": 5.271766292503459,
                    "error_low": 4.97931429005815,
                    "error_high": 4.97931429005815
                },
                {
                    "bin": [
                        0.2,
                        0.22
                    ],
                    "value": 8.138872292554503,
                    "error_low": 4.977559045150927,
                    "error_high": 4.977559045150927
                },
                {
                    "bin": [
                        0.22,
                        0.24
                    ],
                    "value": 13.076584130672291,
                    "error_low": 8.937719429291269,
                    "error_high": 8.937719429291269
                }
            ]
        }
    ]
}