{
    "dimension": 2,
    "variables": [
        "AbsEta",
        "Pt"
    ],
    "error_type": "absolute",
    "binning": {
        "x": [
            0,
            2.5
        ],
        "y": [
            25.0,
            30.0,
            35.0,
            40.0,
            45.0,
            50.0,
            55.0,
            60.0,
            65.0,
            70.0,
            75.0,
            80.0,
            85.0,
            90.0,
            95.0,
            100.0,
            105.0,
            110.0,
            115.0,
            120.0,
            125.0,
            130.0,
            135.0,
            140.0,
            145.0,
            150.0,
            155.0,
            160.0,
            165.0,
            170.0,
            175.0,
            180.0,
            185.0,
            190.0,
            195.0,
            200.0,
            205.0,
            210.0,
            215.0,
            220.0,
            225.0,
            230.0,
            235.0,
            240.0,
            245.0,
            250.0,
            255.0,
            260.0,
            265.0,
            270.0,
            275.0,
            280.0,
            285.0,
            295.0,
            300.0
        ]
    },
    "data": [
        {
            "bin": [
                0,
                2.5
            ],
            "values": [
                {
                    "bin": [
                        25.0,
                        30.0
                    ],
                    "value": 0.025299806147813797,
                    "error_low": 0.002629533171994173,
                    "error_high": 0.002629533171994173
                },
                {
                    "bin": [
                        30.0,
                        35.0
                    ],
                    "value": 0.020513411611318588,
                    "error_low": 0.0016865425680855338,
                    "error_high": 0.0016865425680855338
                },
                {
                    "bin": [
                        35.0,
                        40.0
                    ],
                    "value": 0.01926529034972191,
                    "error_low": 0.0012222178047743347,
                    "error_high": 0.0012222178047743347
                },
                {
                    "bin": [
                        40.0,
                        45.0
                    ],
                    "value": 0.020409176126122475,
                    "error_low": 0.0009292605091845966,
                    "error_high": 0.0009292605091845966
                },
                {
                    "bin": [
                        45.0,
                        50.0
                    ],
                    "value": 0.018408069387078285,
                    "error_low": 0.000701966008364254,
                    "error_high": 0.000701966008364254
                },
                {
                    "bin": [
                        50.0,
                        55.0
                    ],
                    "value": 0.02101908065378666,
                    "error_low": 0.000719790694248387,
                    "error_high": 0.000719790694248387
                },
                {
                    "bin": [
                        55.0,
                        60.0
                    ],
                    "value": 0.02132938988506794,
                    "error_low": 0.0007737062640281901,
                    "error_high": 0.0007737062640281901
                },
                {
                    "bin": [
                        60.0,
                        65.0
                    ],
                    "value": 0.022606346756219864,
                    "error_low": 0.0008441037619278624,
                    "error_high": 0.0008441037619278624
                },
                {
                    "bin": [
                        65.0,
                        70.0
                    ],
                    "value": 0.024080980569124222,
                    "error_low": 0.0009514231879271858,
                    "error_high": 0.0009514231879271858
                },
                {
                    "bin": [
                        70.0,
                        75.0
                    ],
                    "value": 0.024057356640696526,
                    "error_low": 0.0010798090669366291,
                    "error_high": 0.0010798090669366291
                },
                {
                    "bin": [
                        75.0,
                        80.0
                    ],
                    "value": 0.023340817540884018,
                    "error_low": 0.0011780349276700479,
                    "error_high": 0.0011780349276700479
                },
                {
                    "bin": [
                        80.0,
                        85.0
                    ],
                    "value": 0.02418048121035099,
                    "error_low": 0.001312042421066581,
                    "error_high": 0.001312042421066581
                },
                {
                    "bin": [
                        85.0,
                        90.0
                    ],
                    "value": 0.027297521010041237,
                    "error_low": 0.0014636063429889162,
                    "error_high": 0.0014636063429889162
                },
                {
                    "bin": [
                        90.0,
                        95.0
                    ],
                    "value": 0.02629791758954525,
                    "error_low": 0.0016532793689667947,
                    "error_high": 0.0016532793689667947
                },
                {
                    "bin": [
                        95.0,
                        100.0
                    ],
                    "value": 0.024270251393318176,
                    "error_low": 0.0017993520541550148,
                    "error_high": 0.0017993520541550148
                },
                {
                    "bin": [
                        100.0,
                        105.0
                    ],
                    "value": 0.028404170647263527,
                    "error_low": 0.002059661685727819,
                    "error_high": 0.002059661685727819
                },
                {
                    "bin": [
                        105.0,
                        110.0
                    ],
                    "value": 0.032003503292798996,
                    "error_low": 0.0022623994145013165,
                    "error_high": 0.0022623994145013165
                },
                {
                    "bin": [
                        110.0,
                        115.0
                    ],
                    "value": 0.03149845078587532,
                    "error_low": 0.002353025760586571,
                    "error_high": 0.002353025760586571
                },
                {
                    "bin": [
                        115.0,
                        120.0
                    ],
                    "value": 0.026446815580129623,
                    "error_low": 0.0026105590376078757,
                    "error_high": 0.0026105590376078757
                },
                {
                    "bin": [
                        120.0,
                        125.0
                    ],
                    "value": 0.03205776959657669,
                    "error_low": 0.002935494271394606,
                    "error_high": 0.002935494271394606
                },
                {
                    "bin": [
                        125.0,
                        130.0
                    ],
                    "value": 0.0317830815911293,
                    "error_low": 0.003184841825974269,