{
    "dimension": 2,
    "variables": [
        "AbsEta",
        "Pt"
    ],
    "error_type": "absolute",
    "binning": {
        "x": [
            0,
            2.5
        ],
        "y": [
            20.0,
            25.0,
            30.0,
            35.0,
            40.0,
            45.0,
            50.0,
            55.0,
            60.0,
            65.0,
            70.0,
            75.0,
            80.0,
            85.0,
            90.0,
            95.0,
            100.0,
            105.0,
            110.0,
            115.0,
            120.0,
            125.0,
            130.0,
            135.0,
            140.0,
            145.0,
            150.0,
            155.0,
            160.0,
            165.0,
            170.0,
            175.0,
            180.0,
            185.0,
            190.0,
            195.0,
            200.0,
            205.0,
            210.0,
            215.0,
            220.0,
            225.0,
            230.0,
            235.0,
            240.0,
            245.0,
            250.0,
            255.0,
            260.0,
            265.0,
            270.0,
            275.0,
            280.0,
            285.0,
            290.0,
            295.0,
            300.0
        ]
    },
    "data": [
        {
            "bin": [
                0,
                2.5
            ],
            "values": [
                {
                    "bin": [
                        20.0,
                        25.0
                    ],
                    "value": 0.1297326236963272,
                    "error_low": 0.13862292143209354,
                    "error_high": 0.13862292143209354
                },
                {
                    "bin": [
                        25.0,
                        30.0
                    ],
                    "value": 0.12930715084075928,
                    "error_low": 0.012678626629738477,
                    "error_high": 0.012678626629738477
                },
                {
                    "bin": [
                        30.0,
                        35.0
                    ],
                    "value": 0.1421271413564682,
                    "error_low": 0.00869988526317543,
                    "error_high": 0.00869988526317543
                },
                {
                    "bin": [
                        35.0,
                        40.0
                    ],
                    "value": 0.1456538736820221,
                    "error_low": 0.006266236940910044,
                    "error_high": 0.006266236940910044
                },
                {
                    "bin": [
                        40.0,
                        45.0
                    ],
                    "value": 0.138363778591156,
                    "error_low": 0.004529006400395152,
                    "error_high": 0.004529006400395152
                },
                {
                    "bin": [
                        45.0,
                        50.0
                    ],
                    "value": 0.1338876187801361,
                    "error_low": 0.0035039232802412165,
                    "error_high": 0.0035039232802412165
                },
                {
                    "bin": [
                        50.0,
                        55.0
                    ],
                    "value": 0.1364583969116211,
                    "error_low": 0.003455289721578006,
                    "error_high": 0.003455289721578006
                },
                {
                    "bin": [
                        55.0,
                        60.0
                    ],
                    "value": 0.13620808720588684,
                    "error_low": 0.0035697082792435935,
                    "error_high": 0.0035697082792435935
                },
                {
                    "bin": [
                        60.0,
                        65.0
                    ],
                    "value": 0.12940090894699097,
                    "error_low": 0.0038156884316890276,
                    "error_high": 0.0038156884316890276
                },
                {
                    "bin": [
                        65.0,
                        70.0
                    ],
                    "value": 0.13476738333702087,
                    "error_low": 0.004051027606166142,
                    "error_high": 0.004051027606166142
                },
                {
                    "bin": [
                        70.0,
                        75.0
                    ],
                    "value": 0.13215093314647675,
                    "error_low": 0.004438157205868696,
                    "error_high": 0.004438157205868696
                },
                {
                    "bin": [
                        75.0,
                        80.0
                    ],
                    "value": 0.14075298607349396,
                    "error_low": 0.005030878246124022,
                    "error_high": 0.005030878246124022
                },
                {
                    "bin": [
                        80.0,
                        85.0
                    ],
                    "value": 0.14601017534732819,
                    "error_low": 0.005684799250742894,
                    "error_high": 0.005684799250742894
                },
                {
                    "bin": [
                        85.0,
                        90.0
                    ],
                    "value": 0.13266803324222565,
                    "error_low": 0.005822621578869427,
                    "error_high": 0.005822621578869427
                },
                {
                    "bin": [
                        90.0,
                        95.0
                    ],
                    "value": 0.15054388344287872,
                    "error_low": 0.006767562401868171,
                    "error_high": 0.006767562401868171
                },
                {
                    "bin": [
                        95.0,
                        100.0
                    ],
                    "value": 0.13294032216072083,
                    "error_low": 0.007254257748095277,
                    "error_high": 0.007254257748095277
                },
                {
                    "bin": [
                        100.0,
                        105.0
                    ],
                    "value": 0.15668714046478271,
                    "error_low": 0.008335876824224351,
                    "error_high": 0.008335876824224351
                },
                {
                    "bin": [
                        105.0,
                        110.0
                    ],
                    "value": 0.12658967077732086,
                    "error_low": 0.008586496304889406,
                    "error_high": 0.008586496304889406
                },
                {
                    "bin": [
                        110.0,
                        115.0
                    ],
                    "value": 0.1398659199476242,
                    "error_low": 0.010064372351219281,
                    "error_high": 0.010064372351219281
                },
                {
                    "bin": [
                        115.0,
                        120.0
                    ],
                    "value": 0.1548909842967987,
                    "error_low": 0.011058762437065446,
                    "error_high": 0.011058762437065446
                },
                {
                    "bin": [
                        120.0,
                        125.0
                    ],
                    "value": 0.12941817939281464,
                    "error_low": 0.01144786512712987,