{
    "dimension": 2,
    "variables": [
        "AbsEta",
        "Pt"
    ],
    "error_type": "absolute",
    "binning": {
        "x": [
            0,
            2.5
        ],
        "y": [
            25.0,
            30.0,
            35.0,
            40.0,
            45.0,
            50.0,
            55.0,
            60.0,
            65.0,
            70.0,
            75.0,
            80.0,
            85.0,
            90.0,
            95.0,
            100.0,
            105.0,
            110.0,
            115.0,
            120.0,
            125.0,
            130.0,
            135.0,
            140.0,
            145.0,
            150.0,
            155.0,
            160.0,
            165.0,
            170.0,
            175.0,
            180.0,
            185.0,
            190.0,
            195.0,
            200.0,
            205.0,
            210.0,
            215.0,
            220.0,
            225.0,
            230.0,
            235.0,
            240.0,
            245.0,
            250.0,
            255.0,
            260.0,
            265.0,
            270.0,
            275.0,
            280.0,
            285.0,
            290.0,
            295.0,
            300.0
        ]
    },
    "data": [
        {
            "bin": [
                0,
                2.5
            ],
            "values": [
                {
                    "bin": [
                        25.0,
                        30.0
                    ],
                    "value": 0.1356016844511032,
                    "error_low": 0.0067413293780488335,
                    "error_high": 0.0067413293780488335
                },
                {
                    "bin": [
                        30.0,
                        35.0
                    ],
                    "value": 0.14510492980480194,
                    "error_low": 0.004626933280247618,
                    "error_high": 0.004626933280247618
                },
                {
                    "bin": [
                        35.0,
                        40.0
                    ],
                    "value": 0.14332479238510132,
                    "error_low": 0.0034089861020574646,
                    "error_high": 0.0034089861020574646
                },
                {
                    "bin": [
                        40.0,
                        45.0
                    ],
                    "value": 0.14000855386257172,
                    "error_low": 0.0024917902439821984,
                    "error_high": 0.0024917902439821984
                },
                {
                    "bin": [
                        45.0,
                        50.0
                    ],
                    "value": 0.14229059219360352,
                    "error_low": 0.001958939821345417,
                    "error_high": 0.001958939821345417
                },
                {
                    "bin": [
                        50.0,
                        55.0
                    ],
                    "value": 0.1393859088420868,
                    "error_low": 0.0018928865332767828,
                    "error_high": 0.0018928865332767828
                },
                {
                    "bin": [
                        55.0,
                        60.0
                    ],
                    "value": 0.13847367465496063,
                    "error_low": 0.001992704785227164,
                    "error_high": 0.001992704785227164
                },
                {
                    "bin": [
                        60.0,
                        65.0
                    ],
                    "value": 0.13523316383361816,
                    "error_low": 0.0021241906548561647,
                    "error_high": 0.0021241906548561647
                },
                {
                    "bin": [
                        65.0,
                        70.0
                    ],
                    "value": 0.13846150040626526,
                    "error_low": 0.002307639093428481,
                    "error_high": 0.002307639093428481
                },
                {
                    "bin": [
                        70.0,
                        75.0
                    ],
                    "value": 0.14357849955558777,
                    "error_low": 0.0025877245854296167,
                    "error_high": 0.0025877245854296167
                },
                {
                    "bin": [
                        75.0,
                        80.0
                    ],
                    "value": 0.1426999866962433,
                    "error_low": 0.0028654497499995242,
                    "error_high": 0.0028654497499995242
                },
                {
                    "bin": [
                        80.0,
                        85.0
                    ],
                    "value": 0.14188946783542633,
                    "error_low": 0.0031297314285203383,
                    "error_high": 0.0031297314285203383
                },
                {
                    "bin": [
                        85.0,
                        90.0
                    ],
                    "value": 0.14093893766403198,
                    "error_low": 0.0034384337389824315,
                    "error_high": 0.0034384337389824315
                },
                {
                    "bin": [
                        90.0,
                        95.0
                    ],
                    "value": 0.14346113801002502,
                    "error_low": 0.0037969324316217386,
                    "error_high": 0.0037969324316217386
                },
                {
                    "bin": [
                        95.0,
                        100.0
                    ],
                    "value": 0.13802218437194824,
                    "error_low": 0.004082385301932746,
                    "error_high": 0.004082385301932746
                },
                {
                    "bin": [
                        100.0,
                        105.0
                    ],
                    "value": 0.13243412971496582,
                    "error_low": 0.004473590295400235,
                    "error_high": 0.004473590295400235
                },
                {
                    "bin": [
                        105.0,
                        110.0
                    ],
                    "value": 0.14140258729457855,
                    "error_low": 0.004975290698814459,
                    "error_high": 0.004975290698814459
                },
                {
                    "bin": [
                        110.0,
                        115.0
                    ],
                    "value": 0.14086279273033142,
                    "error_low": 0.005457679544890884,
                    "error_high": 0.005457679544890884
                },
                {
                    "bin": [
                        115.0,
                        120.0
                    ],
                    "value": 0.14605621993541718,
                    "error_low": 0.006123334277354705,
                    "error_high": 0.006123334277354705
                },
                {
                    "bin": [
                        120.0,
                        125.0
                    ],
                    "value": 0.13991518318653107,
                    "error_low": 0.006631455443599675,
                    "error_high": 0.006631455443599675
                },
                {
                    "bin": [
                        125.0,
                        130.0
                    ],
                    "value": 0.13877427577972412,
                    "error_low": 0.0070880196222913435,