{
    "dimension": 2,
    "variables": [
        "Eta",
        "Pt"
    ],
    "error_type": "absolute",
    "binning": {
        "x": [
            -2.5,
            2.5
        ],
        "y": [
            25.0,
            30.0,
            35.0,
            40.0,
            45.0,
            50.0,
            55.0,
            60.0,
            65.0,
            70.0,
            75.0,
            80.0,
            85.0,
            90.0,
            95.0,
            100.0,
            105.0,
            110.0,
            115.0,
            120.0,
            125.0,
            130.0,
            135.0,
            140.0,
            145.0,
            150.0,
            155.0,
            160.0,
            165.0,
            170.0,
            175.0,
            180.0,
            185.0,
            190.0,
            195.0,
            200.0,
            205.0,
            210.0,
            215.0,
            220.0,
            225.0,
            230.0,
            235.0,
            240.0,
            245.0,
            250.0,
            255.0,
            260.0,
            265.0,
            270.0,
            275.0,
            280.0,
            285.0,
            290.0,
            295.0,
            300.0
        ]
    },
    "data": [
        {
            "bin": [
                -2.5,
                2.5
            ],
            "values": [
                {
                    "bin": [
                        25.0,
                        30.0
                    ],
                    "value": 0.12787220148767278,
                    "error_low": 0.0041821288318721755,
                    "error_high": 0.0041821288318721755
                },
                {
                    "bin": [
                        30.0,
                        35.0
                    ],
                    "value": 0.13035803108531166,
                    "error_low": 0.002853450401720601,
                    "error_high": 0.002853450401720601
                },
                {
                    "bin": [
                        35.0,
                        40.0
                    ],
                    "value": 0.13033950595716925,
                    "error_low": 0.00212322308403717,
                    "error_high": 0.00212322308403717
                },
                {
                    "bin": [
                        40.0,
                        45.0
                    ],
                    "value": 0.12903095121592434,
                    "error_low": 0.0015777163532241774,
                    "error_high": 0.0015777163532241774
                },
                {
                    "bin": [
                        45.0,
                        50.0
                    ],
                    "value": 0.12989825405824265,
                    "error_low": 0.0012373407953623046,
                    "error_high": 0.0012373407953623046
                },
                {
                    "bin": [
                        50.0,
                        55.0
                    ],
                    "value": 0.12549978748802681,
                    "error_low": 0.001219656967997512,
                    "error_high": 0.001219656967997512
                },
                {
                    "bin": [
                        55.0,
                        60.0
                    ],
                    "value": 0.12493233231112708,
                    "error_low": 0.0012873875688666242,
                    "error_high": 0.0012873875688666242
                },
                {
                    "bin": [
                        60.0,
                        65.0
                    ],
                    "value": 0.12594614216142475,
                    "error_low": 0.0013918196521979663,
                    "error_high": 0.0013918196521979663
                },
                {
                    "bin": [
                        65.0,
                        70.0
                    ],
                    "value": 0.1288227407370125,
                    "error_low": 0.0015405918147172134,
                    "error_high": 0.0015405918147172134
                },
                {
                    "bin": [
                        70.0,
                        75.0
                    ],
                    "value": 0.12889814443474854,
                    "error_low": 0.0016961146642272868,
                    "error_high": 0.0016961146642272868
                },
                {
                    "bin": [
                        75.0,
                        80.0
                    ],
                    "value": 0.1260904919696776,
                    "error_low": 0.0018767092828490145,
                    "error_high": 0.0018767092828490145
                },
                {
                    "bin": [
                        80.0,
                        85.0
                    ],
                    "value": 0.12868483596548008,
                    "error_low": 0.002079278085616268,
                    "error_high": 0.002079278085616268
                },
                {
                    "bin": [
                        85.0,
                        90.0
                    ],
                    "value": 0.12517659707280832,
                    "error_low": 0.002282902806857187,
                    "error_high": 0.002282902806857187
                },
                {
                    "bin": [
                        90.0,
                        95.0
                    ],
                    "value": 0.1271892139990441,
                    "error_low": 0.0025250727077653704,
                    "error_high": 0.0025250727077653704
                },
                {
                    "bin": [
                        95.0,
                        100.0
                    ],
                    "value": 0.12461147043985876,
                    "error_low": 0.0027611482184356296,
                    "error_high": 0.0027611482184356296
                },
                {
                    "bin": [
                        100.0,
                        105.0
                    ],
                    "value": 0.12424063464192717,
                    "error_low": 0.003093535124199148,
                    "error_high": 0.003093535124199148
                },
                {
                    "bin": [
                        105.0,
                        110.0
                    ],
                    "value": 0.1256487201088011,
                    "error_low": 0.00333753712658047,
                    "error_high": 0.00333753712658047
                },
                {
                    "bin": [
                        110.0,
                        115.0
                    ],
                    "value": 0.12459885586991792,
                    "error_low": 0.003659127903219071,
                    "error_high": 0.003659127903219071
                },
                {
                    "bin": [
                        115.0,
                        120.0
                    ],
                    "value": 0.13007119735403364,
                    "error_low": 0.0040930907864044725,
                    "error_high": 0.0040930907864044725
                },
                {
                    "bin": [
                        120.0,
                        125.0
                    ],
                    "value": 0.12393929052197886,
                    "error_low": 0.004433053973982067,
                    "error_high": 0.004433053973982067
                },
                {
                    "bin": [
                        125.0,
                        130.0
                    ],
                    "value": 0.13073122545214252,
                    "error_low": 0.0049023728690008265,