{
    "dimension": 2,
    "variables": [
        "AbsEta",
        "Pt"
    ],
    "error_type": "absolute",
    "binning": {
        "x": [
            0,
            2.5
        ],
        "y": [
            20.0,
            25.0,
            30.0,
            35.0,
            40.0,
            45.0,
            50.0,
            55.0,
            60.0,
            65.0,
            70.0,
            75.0,
            80.0,
            85.0,
            90.0,
            95.0,
            100.0,
            105.0,
            110.0,
            115.0,
            120.0,
            125.0,
            130.0,
            135.0,
            140.0,
            145.0,
            150.0,
            155.0,
            160.0,
            165.0,
            170.0,
            175.0,
            180.0,
            185.0,
            190.0,
            195.0,
            200.0,
            205.0,
            210.0,
            215.0,
            220.0,
            225.0,
            230.0,
            235.0,
            240.0,
            245.0,
            250.0,
            255.0,
            260.0,
            265.0,
            270.0,
            275.0,
            280.0,
            285.0,
            295.0,
            300.0
        ]
    },
    "data": [
        {
            "bin": [
                0,
                2.5
            ],
            "values": [
                {
                    "bin": [
                        20.0,
                        25.0
                    ],
                    "value": 0.13265898823738098,
                    "error_low": 0.1417498349338213,
                    "error_high": 0.1417498349338213
                },
                {
                    "bin": [
                        25.0,
                        30.0
                    ],
                    "value": 0.01089668832719326,
                    "error_low": 0.0038548208258099167,
                    "error_high": 0.0038548208258099167
                },
                {
                    "bin": [
                        30.0,
                        35.0
                    ],
                    "value": 0.021013246849179268,
                    "error_low": 0.0030498727342016196,
                    "error_high": 0.0030498727342016196
                },
                {
                    "bin": [
                        35.0,
                        40.0
                    ],
                    "value": 0.01899934560060501,
                    "error_low": 0.002059343577158943,
                    "error_high": 0.002059343577158943
                },
                {
                    "bin": [
                        40.0,
                        45.0
                    ],
                    "value": 0.020726066082715988,
                    "error_low": 0.0015790713888070363,
                    "error_high": 0.0015790713888070363
                },
                {
                    "bin": [
                        45.0,
                        50.0
                    ],
                    "value": 0.018922457471489906,
                    "error_low": 0.0012207102253859081,
                    "error_high": 0.0012207102253859081
                },
                {
                    "bin": [
                        50.0,
                        55.0
                    ],
                    "value": 0.02191183716058731,
                    "error_low": 0.001271891930444627,
                    "error_high": 0.001271891930444627
                },
                {
                    "bin": [
                        55.0,
                        60.0
                    ],
                    "value": 0.021514730527997017,
                    "error_low": 0.0013169390443889084,
                    "error_high": 0.0013169390443889084
                },
                {
                    "bin": [
                        60.0,
                        65.0
                    ],
                    "value": 0.023822441697120667,
                    "error_low": 0.0014788067727063464,
                    "error_high": 0.0014788067727063464
                },
                {
                    "bin": [
                        65.0,
                        70.0
                    ],
                    "value": 0.020079245790839195,
                    "error_low": 0.0015963599434553645,
                    "error_high": 0.0015963599434553645
                },
                {
                    "bin": [
                        70.0,
                        75.0
                    ],
                    "value": 0.020825203508138657,
                    "error_low": 0.001760360085259736,
                    "error_high": 0.001760360085259736
                },
                {
                    "bin": [
                        75.0,
                        80.0
                    ],
                    "value": 0.024254612624645233,
                    "error_low": 0.002070775959208153,
                    "error_high": 0.002070775959208153
                },
                {
                    "bin": [
                        80.0,
                        85.0
                    ],
                    "value": 0.025452764704823494,
                    "error_low": 0.0023799739921470994,
                    "error_high": 0.0023799739921470994
                },
                {
                    "bin": [
                        85.0,
                        90.0
                    ],
                    "value": 0.022964805364608765,
                    "error_low": 0.0024242929800462336,
                    "error_high": 0.0024242929800462336
                },
                {
                    "bin": [
                        90.0,
                        95.0
                    ],
                    "value": 0.028725558891892433,
                    "error_low": 0.0028356270587601854,
                    "error_high": 0.0028356270587601854
                },
                {
                    "bin": [
                        95.0,
                        100.0
                    ],
                    "value": 0.02193659171462059,
                    "error_low": 0.002976554454054504,
                    "error_high": 0.002976554454054504
                },
                {
                    "bin": [
                        100.0,
                        105.0
                    ],
                    "value": 0.019192080944776535,
                    "error_low": 0.0034052101997445014,
                    "error_high": 0.0034052101997445014
                },
                {
                    "bin": [
                        105.0,
                        110.0
                    ],
                    "value": 0.022123072296380997,
                    "error_low": 0.003518044437745736,
                    "error_high": 0.003518044437745736
                },
                {
                    "bin": [
                        110.0,
                        115.0
                    ],
                    "value": 0.02473786100745201,
                    "error_low": 0.004134409205311937,
                    "error_high": 0.004134409205311937
                },
                {
                    "bin": [
                        115.0,
                        120.0
                    ],
                    "value": 0.021552443504333496,
                    "error_low": 0.004564912126445423,
                    "error_high": 0.004564912126445423
                },
                {
                    "bin": [
                        120.0,
                        125.0
                    ],
                    "value": 0.027657248079776764,
                    "error_low": 0.0049947562845782546,