{
    "dimension": 2,
    "variables": [
        "AbsEta",
        "Pt"
    ],
    "error_type": "absolute",
    "binning": {
        "x": [
            0,
            2.5
        ],
        "y": [
            25.0,
            30.0,
            35.0,
            40.0,
            45.0,
            50.0,
            55.0,
            60.0,
            65.0,
            70.0,
            75.0,
            80.0,
            85.0,
            90.0,
            95.0,
            100.0,
            105.0,
            110.0,
            115.0,
            120.0,
            125.0,
            130.0,
            135.0,
            140.0,
            145.0,
            150.0,
            155.0,
            160.0,
            165.0,
            170.0,
            175.0,
            180.0,
            185.0,
            190.0,
            195.0,
            200.0,
            205.0,
            210.0,
            215.0,
            220.0,
            225.0,
            230.0,
            235.0,
            240.0,
            245.0,
            250.0,
            255.0,
            260.0,
            265.0,
            270.0,
            275.0,
            280.0,
            285.0,
            295.0,
            300.0
        ]
    },
    "data": [
        {
            "bin": [
                0,
                2.5
            ],
            "values": [
                {
                    "bin": [
                        25.0,
                        30.0
                    ],
                    "value": 0.022653641179203987,
                    "error_low": 0.002373489133269277,
                    "error_high": 0.002373489133269277
                },
                {
                    "bin": [
                        30.0,
                        35.0
                    ],
                    "value": 0.01853179559111595,
                    "error_low": 0.001532504472288401,
                    "error_high": 0.001532504472288401
                },
                {
                    "bin": [
                        35.0,
                        40.0
                    ],
                    "value": 0.018051933497190475,
                    "error_low": 0.0011517121600367439,
                    "error_high": 0.0011517121600367439
                },
                {
                    "bin": [
                        40.0,
                        45.0
                    ],
                    "value": 0.019231591373682022,
                    "error_low": 0.0008808054689640787,
                    "error_high": 0.0008808054689640787
                },
                {
                    "bin": [
                        45.0,
                        50.0
                    ],
                    "value": 0.017496706917881966,
                    "error_low": 0.000670621296812644,
                    "error_high": 0.000670621296812644
                },
                {
                    "bin": [
                        50.0,
                        55.0
                    ],
                    "value": 0.01988505944609642,
                    "error_low": 0.000685022711573343,
                    "error_high": 0.000685022711573343
                },
                {
                    "bin": [
                        55.0,
                        60.0
                    ],
                    "value": 0.02013588510453701,
                    "error_low": 0.0007345818473916637,
                    "error_high": 0.0007345818473916637
                },
                {
                    "bin": [
                        60.0,
                        65.0
                    ],
                    "value": 0.02137335017323494,
                    "error_low": 0.000802914347914569,
                    "error_high": 0.000802914347914569
                },
                {
                    "bin": [
                        65.0,
                        70.0
                    ],
                    "value": 0.022719606757164,
                    "error_low": 0.0009032690646385346,
                    "error_high": 0.0009032690646385346
                },
                {
                    "bin": [
                        70.0,
                        75.0
                    ],
                    "value": 0.023117201402783394,
                    "error_low": 0.0010438382107333674,
                    "error_high": 0.0010438382107333674
                },
                {
                    "bin": [
                        75.0,
                        80.0
                    ],
                    "value": 0.022571589797735214,
                    "error_low": 0.0011459279554876648,
                    "error_high": 0.0011459279554876648
                },
                {
                    "bin": [
                        80.0,
                        85.0
                    ],
                    "value": 0.023453239351511,
                    "error_low": 0.0012803231158196315,
                    "error_high": 0.0012803231158196315
                },
                {
                    "bin": [
                        85.0,
                        90.0
                    ],
                    "value": 0.026410434395074844,
                    "error_low": 0.0014265802046267567,
                    "error_high": 0.0014265802046267567
                },
                {
                    "bin": [
                        90.0,
                        95.0
                    ],
                    "value": 0.025387920439243317,
                    "error_low": 0.0016066259486041262,
                    "error_high": 0.0016066259486041262
                },
                {
                    "bin": [
                        95.0,
                        100.0
                    ],
                    "value": 0.02310185320675373,
                    "error_low": 0.0017221331017549524,
                    "error_high": 0.0017221331017549524
                },
                {
                    "bin": [
                        100.0,
                        105.0
                    ],
                    "value": 0.027078205719590187,
                    "error_low": 0.001977283262597079,
                    "error_high": 0.001977283262597079
                },
                {
                    "bin": [
                        105.0,
                        110.0
                    ],
                    "value": 0.030687877908349037,
                    "error_low": 0.0021882916131960852,
                    "error_high": 0.0021882916131960852
                },
                {
                    "bin": [
                        110.0,
                        115.0
                    ],
                    "value": 0.030849551782011986,
                    "error_low": 0.002326838306386918,
                    "error_high": 0.002326838306386918
                },
                {
                    "bin": [
                        115.0,
                        120.0
                    ],
                    "value": 0.026376500725746155,
                    "error_low": 0.002621856961717666,
                    "error_high": 0.002621856961717666
                },
                {
                    "bin": [
                        120.0,
                        125.0
                    ],
                    "value": 0.03134404495358467,
                    "error_low": 0.002897365968847374,
                    "error_high": 0.002897365968847374
                },
                {
                    "bin": [
                        125.0,
                        130.0
                    ],
                    "value": 0.030566297471523285,
                    "error_low": 0.0030900651853466156,