{
    "dimension": 2,
    "variables": [
        "Eta",
        "Pt"
    ],
    "error_type": "absolute",
    "binning": {
        "x": [
            -2.5,
            2.5
        ],
        "y": [
            15.0,
            20.0,
            25.0,
            30.0,
            35.0,
            40.0,
            45.0,
            50.0,
            55.0,
            60.0,
            65.0,
            70.0,
            75.0,
            80.0,
            85.0,
            90.0,
            95.0,
            100.0,
            105.0,
            110.0,
            115.0,
            120.0,
            125.0,
            130.0,
            135.0,
            140.0,
            145.0,
            150.0,
            155.0,
            160.0,
            165.0,
            170.0,
            175.0,
            180.0,
            185.0,
            190.0,
            195.0,
            200.0,
            205.0,
            210.0,
            215.0,
            220.0,
            225.0,
            230.0,
            235.0,
            240.0,
            245.0,
            250.0,
            255.0,
            260.0,
            265.0,
            270.0,
            275.0,
            280.0,
            285.0,
            290.0,
            300.0
        ]
    },
    "data": [
        {
            "bin": [
                -2.5,
                2.5
            ],
            "values": [
                {
                    "bin": [
                        15.0,
                        20.0
                    ],
                    "value": 0.30623269542974885,
                    "error_low": 0.3329177985419319,
                    "error_high": 0.3329177985419319
                },
                {
                    "bin": [
                        20.0,
                        25.0
                    ],
                    "value": 0.02838968580503021,
                    "error_low": 0.012091206287686555,
                    "error_high": 0.012091206287686555
                },
                {
                    "bin": [
                        25.0,
                        30.0
                    ],
                    "value": 0.01367794149411616,
                    "error_low": 0.0044526933025500525,
                    "error_high": 0.0044526933025500525
                },
                {
                    "bin": [
                        30.0,
                        35.0
                    ],
                    "value": 0.008070333592848545,
                    "error_low": 0.0025007796151563363,
                    "error_high": 0.0025007796151563363
                },
                {
                    "bin": [
                        35.0,
                        40.0
                    ],
                    "value": 0.007062783060948629,
                    "error_low": 0.0016547427686171815,
                    "error_high": 0.0016547427686171815
                },
                {
                    "bin": [
                        40.0,
                        45.0
                    ],
                    "value": 0.011631408437297744,
                    "error_low": 0.001291485413712436,
                    "error_high": 0.001291485413712436
                },
                {
                    "bin": [
                        45.0,
                        50.0
                    ],
                    "value": 0.011437151577459679,
                    "error_low": 0.0009730463270580341,
                    "error_high": 0.0009730463270580341
                },
                {
                    "bin": [
                        50.0,
                        55.0
                    ],
                    "value": 0.011174283103252856,
                    "error_low": 0.0010038665170260615,
                    "error_high": 0.0010038665170260615
                },
                {
                    "bin": [
                        55.0,
                        60.0
                    ],
                    "value": 0.01132684948774854,
                    "error_low": 0.001093012791273608,
                    "error_high": 0.001093012791273608
                },
                {
                    "bin": [
                        60.0,
                        65.0
                    ],
                    "value": 0.013926465705592061,
                    "error_low": 0.0012499899128684273,
                    "error_high": 0.0012499899128684273
                },
                {
                    "bin": [
                        65.0,
                        70.0
                    ],
                    "value": 0.01253887186319793,
                    "error_low": 0.0013251231290974956,
                    "error_high": 0.0013251231290974956
                },
                {
                    "bin": [
                        70.0,
                        75.0
                    ],
                    "value": 0.012657739238666017,
                    "error_low": 0.0014836754647004969,
                    "error_high": 0.0014836754647004969
                },
                {
                    "bin": [
                        75.0,
                        80.0
                    ],
                    "value": 0.016359648640486675,
                    "error_low": 0.0017599221685687604,
                    "error_high": 0.0017599221685687604
                },
                {
                    "bin": [
                        80.0,
                        85.0
                    ],
                    "value": 0.01699594332079027,
                    "error_low": 0.001903800815313821,
                    "error_high": 0.001903800815313821
                },
                {
                    "bin": [
                        85.0,
                        90.0
                    ],
                    "value": 0.014156103731358168,
                    "error_low": 0.0020279259661094874,
                    "error_high": 0.0020279259661094874
                },
                {
                    "bin": [
                        90.0,
                        95.0
                    ],
                    "value": 0.014334718576465236,
                    "error_low": 0.0022974872980544257,
                    "error_high": 0.0022974872980544257
                },
                {
                    "bin": [
                        95.0,
                        100.0
                    ],
                    "value": 0.015249956265817204,
                    "error_low": 0.0024253952509487634,
                    "error_high": 0.0024253952509487634
                },
                {
                    "bin": [
                        100.0,
                        105.0
                    ],
                    "value": 0.011293436262180795,
                    "error_low": 0.0026415000978522634,
                    "error_high": 0.0026415000978522634
                },
                {
                    "bin": [
                        105.0,
                        110.0
                    ],
                    "value": 0.021318260171308993,
                    "error_low": 0.003281238056483148,
                    "error_high": 0.003281238056483148
                },
                {
                    "bin": [
                        110.0,
                        115.0
                    ],
                    "value": 0.013924813593534612,
                    "error_low": 0.0031645428645817684,
                    "error_high": 0.0031645428645817684
                },
                {
                    "bin": [
                        115.0,
                        120.0
                    ],
                    "value": 0.013129305292793679,
                    "error_low": 0.003390448490031488,