{
    "dimension": 2,
    "variables": [
        "Eta",
        "Pt"
    ],
    "error_type": "absolute",
    "binning": {
        "x": [
            -2.5,
            2.5
        ],
        "y": [
            20.0,
            25.0,
            30.0,
            35.0,
            40.0,
            45.0,
            50.0,
            55.0,
            60.0,
            65.0,
            70.0,
            75.0,
            80.0,
            85.0,
            90.0,
            95.0,
            100.0,
            105.0,
            110.0,
            115.0,
            120.0,
            125.0,
            130.0,
            135.0,
            140.0,
            145.0,
            150.0,
            155.0,
            160.0,
            165.0,
            170.0,
            175.0,
            180.0,
            185.0,
            190.0,
            195.0,
            200.0,
            205.0,
            210.0,
            215.0,
            220.0,
            225.0,
            230.0,
            235.0,
            240.0,
            245.0,
            250.0,
            255.0,
            260.0,
            265.0,
            270.0,
            275.0,
            280.0,
            285.0,
            290.0,
            295.0,
            300.0
        ]
    },
    "data": [
        {
            "bin": [
                -2.5,
                2.5
            ],
            "values": [
                {
                    "bin": [
                        20.0,
                        25.0
                    ],
                    "value": 0.015449966157710144,
                    "error_low": 0.051324956891864275,
                    "error_high": 0.051324956891864275
                },
                {
                    "bin": [
                        25.0,
                        30.0
                    ],
                    "value": 0.11744718851159924,
                    "error_low": 0.008112686966635389,
                    "error_high": 0.008112686966635389
                },
                {
                    "bin": [
                        30.0,
                        35.0
                    ],
                    "value": 0.12303857509304228,
                    "error_low": 0.0052792349431185605,
                    "error_high": 0.0052792349431185605
                },
                {
                    "bin": [
                        35.0,
                        40.0
                    ],
                    "value": 0.12997017141347023,
                    "error_low": 0.004004098009810751,
                    "error_high": 0.004004098009810751
                },
                {
                    "bin": [
                        40.0,
                        45.0
                    ],
                    "value": 0.12805742683969093,
                    "error_low": 0.002914012428952165,
                    "error_high": 0.002914012428952165
                },
                {
                    "bin": [
                        45.0,
                        50.0
                    ],
                    "value": 0.12569910840588588,
                    "error_low": 0.0022761344836452467,
                    "error_high": 0.0022761344836452467
                },
                {
                    "bin": [
                        50.0,
                        55.0
                    ],
                    "value": 0.12565238161965095,
                    "error_low": 0.0022789832595895986,
                    "error_high": 0.0022789832595895986
                },
                {
                    "bin": [
                        55.0,
                        60.0
                    ],
                    "value": 0.1265393057846866,
                    "error_low": 0.0023699174200333653,
                    "error_high": 0.0023699174200333653
                },
                {
                    "bin": [
                        60.0,
                        65.0
                    ],
                    "value": 0.12000524623078032,
                    "error_low": 0.0025431664994856763,
                    "error_high": 0.0025431664994856763
                },
                {
                    "bin": [
                        65.0,
                        70.0
                    ],
                    "value": 0.12722711230951522,
                    "error_low": 0.0027249740211416767,
                    "error_high": 0.0027249740211416767
                },
                {
                    "bin": [
                        70.0,
                        75.0
                    ],
                    "value": 0.12651672892036264,
                    "error_low": 0.003072712488930631,
                    "error_high": 0.003072712488930631
                },
                {
                    "bin": [
                        75.0,
                        80.0
                    ],
                    "value": 0.13064873948000044,
                    "error_low": 0.003461930082817379,
                    "error_high": 0.003461930082817379
                },
                {
                    "bin": [
                        80.0,
                        85.0
                    ],
                    "value": 0.12609364167250714,
                    "error_low": 0.0037522226093998374,
                    "error_high": 0.0037522226093998374
                },
                {
                    "bin": [
                        85.0,
                        90.0
                    ],
                    "value": 0.1307804688960692,
                    "error_low": 0.004149760615739642,
                    "error_high": 0.004149760615739642
                },
                {
                    "bin": [
                        90.0,
                        95.0
                    ],
                    "value": 0.1293344830890254,
                    "error_low": 0.004566497805873012,
                    "error_high": 0.004566497805873012
                },
                {
                    "bin": [
                        95.0,
                        100.0
                    ],
                    "value": 0.11771477276905272,
                    "error_low": 0.0048970113232398235,
                    "error_high": 0.0048970113232398235
                },
                {
                    "bin": [
                        100.0,
                        105.0
                    ],
                    "value": 0.1353070904943421,
                    "error_low": 0.0057129222465198675,
                    "error_high": 0.0057129222465198675
                },
                {
                    "bin": [
                        105.0,
                        110.0
                    ],
                    "value": 0.12123841502651138,
                    "error_low": 0.006178280766803259,
                    "error_high": 0.006178280766803259
                },
                {
                    "bin": [
                        110.0,
                        115.0
                    ],
                    "value": 0.12863076070497165,
                    "error_low": 0.006802848622359775,
                    "error_high": 0.006802848622359775
                },
                {
                    "bin": [
                        115.0,
                        120.0
                    ],
                    "value": 0.12955886521483662,
                    "error_low": 0.007519903952000404,
                    "error_high": 0.007519903952000404
                },
                {
                    "bin": [
                        120.0,
                        125.0
                    ],
                    "value": 0.1202133166704784,
                    "error_low": 0.008091602601102902,