{
    "dimension": 2,
    "variables": [
        "Eta",
        "Pt"
    ],
    "error_type": "absolute",
    "binning": {
        "x": [
            -2.5,
            2.5
        ],
        "y": [
            0.16,
            0.18,
            0.2,
            0.22,
            0.24
        ]
    },
    "data": [
        {
            "bin": [
                -2.5,
                2.5
            ],
            "values": [
                {
                    "bin": [
                        0.16,
                        0.18
                    ],
                    "value": 0.0020585948050348313,
                    "error_low": 0.0035320378251163637,
                    "error_high": 0.0035320378251163637
                },
                {
                    "bin": [
                        0.18,
                        0.2
                    ],
                    "value": 0.010551180995984873,
                    "error_low": 0.008603250150409318,
                    "error_high": 0.008603250150409318
                },
                {
                    "bin": [
                        0.2,
                        0.22
                    ],
                    "value": 0.022877961983411882,
                    "error_low": 0.018422320817261043,
                    "error_high": 0.018422320817261043
                },
                {
                    "bin": [
                        0.22,
                        0.24
                    ],
                    "value": 0.06675643645221432,
                    "error_low": 0.0791212606099919,
                    "error_high": 0.0791212606099919
                }
            ]
        }
    ]
}