{
    "dimension": 2,
    "variables": [
        "Eta",
        "Pt"
    ],
    "error_type": "absolute",
    "binning": {
        "x": [
            -2.5,
            2.5
        ],
        "y": [
            25.0,
            30.0,
            35.0,
            40.0,
            45.0,
            50.0,
            55.0,
            60.0,
            65.0,
            70.0,
            75.0,
            80.0,
            85.0,
            90.0,
            95.0,
            100.0,
            105.0,
            110.0,
            115.0,
            120.0,
            125.0,
            130.0,
            135.0,
            140.0,
            145.0,
            150.0,
            155.0,
            160.0,
            165.0,
            170.0,
            175.0,
            180.0,
            185.0,
            190.0,
            195.0,
            200.0,
            205.0,
            210.0,
            215.0,
            220.0,
            225.0,
            230.0,
            235.0,
            240.0,
            245.0,
            250.0,
            255.0,
            260.0,
            265.0,
            270.0,
            275.0,
            280.0,
            285.0,
            295.0,
            300.0
        ]
    },
    "data": [
        {
            "bin": [
                -2.5,
                2.5
            ],
            "values": [
                {
                    "bin": [
                        25.0,
                        30.0
                    ],
                    "value": 0.015908129824297464,
                    "error_low": 0.0012880085564824753,
                    "error_high": 0.0012880085564824753
                },
                {
                    "bin": [
                        30.0,
                        35.0
                    ],
                    "value": 0.014740472117486634,
                    "error_low": 0.000890689663905189,
                    "error_high": 0.000890689663905189
                },
                {
                    "bin": [
                        35.0,
                        40.0
                    ],
                    "value": 0.015194087763736963,
                    "error_low": 0.0006734750648240144,
                    "error_high": 0.0006734750648240144
                },
                {
                    "bin": [
                        40.0,
                        45.0
                    ],
                    "value": 0.01530220544478228,
                    "error_low": 0.0005006547010209497,
                    "error_high": 0.0005006547010209497
                },
                {
                    "bin": [
                        45.0,
                        50.0
                    ],
                    "value": 0.014609897434299687,
                    "error_low": 0.0003897903375656724,
                    "error_high": 0.0003897903375656724
                },
                {
                    "bin": [
                        50.0,
                        55.0
                    ],
                    "value": 0.015238951157135605,
                    "error_low": 0.0003920341785571486,
                    "error_high": 0.0003920341785571486
                },
                {
                    "bin": [
                        55.0,
                        60.0
                    ],
                    "value": 0.01633676726455179,
                    "error_low": 0.00042689115324235434,
                    "error_high": 0.00042689115324235434
                },
                {
                    "bin": [
                        60.0,
                        65.0
                    ],
                    "value": 0.017384307413337602,
                    "error_low": 0.00047890803808230516,
                    "error_high": 0.00047890803808230516
                },
                {
                    "bin": [
                        65.0,
                        70.0
                    ],
                    "value": 0.01749303829809021,
                    "error_low": 0.0005265585836899977,
                    "error_high": 0.0005265585836899977
                },
                {
                    "bin": [
                        70.0,
                        75.0
                    ],
                    "value": 0.019630220703105022,
                    "error_low": 0.0006031277969363234,
                    "error_high": 0.0006031277969363234
                },
                {
                    "bin": [
                        75.0,
                        80.0
                    ],
                    "value": 0.018198990259636703,
                    "error_low": 0.00066979560512005,
                    "error_high": 0.00066979560512005
                },
                {
                    "bin": [
                        80.0,
                        85.0
                    ],
                    "value": 0.019817619201518602,
                    "error_low": 0.0007622865340554631,
                    "error_high": 0.0007622865340554631
                },
                {
                    "bin": [
                        85.0,
                        90.0
                    ],
                    "value": 0.02212939750079793,
                    "error_low": 0.0008597460758097866,
                    "error_high": 0.0008597460758097866
                },
                {
                    "bin": [
                        90.0,
                        95.0
                    ],
                    "value": 0.020555012788363296,
                    "error_low": 0.000957876654253163,
                    "error_high": 0.000957876654253163
                },
                {
                    "bin": [
                        95.0,
                        100.0
                    ],
                    "value": 0.019259701971334656,
                    "error_low": 0.0010353185338350026,
                    "error_high": 0.0010353185338350026
                },
                {
                    "bin": [
                        100.0,
                        105.0
                    ],
                    "value": 0.020555993251994514,
                    "error_low": 0.0011548872990871665,
                    "error_high": 0.0011548872990871665
                },
                {
                    "bin": [
                        105.0,
                        110.0
                    ],
                    "value": 0.022073391716977617,
                    "error_low": 0.001251666778619402,
                    "error_high": 0.001251666778619402
                },
                {
                    "bin": [
                        110.0,
                        115.0
                    ],
                    "value": 0.021890321494975176,
                    "error_low": 0.001405661090674154,
                    "error_high": 0.001405661090674154
                },
                {
                    "bin": [
                        115.0,
                        120.0
                    ],
                    "value": 0.02356698408978101,
                    "error_low": 0.0015602352996913426,
                    "error_high": 0.0015602352996913426
                },
                {
                    "bin": [
                        120.0,
                        125.0
                    ],
                    "value": 0.024582104719371202,
                    "error_low": 0.0016644591775602682,
                    "error_high": 0.0016644591775602682
                },
                {
                    "bin": [
                        125.0,
                        130.0
                    ],
                    "value": 0.01955946719952387,
                    "error_low": 0.0018269126678018153,