{
    "dimension": 2,
    "variables": [
        "AbsEta",
        "Pt"
    ],
    "error_type": "absolute",
    "binning": {
        "x": [
            0,
            2.5
        ],
        "y": [
            20.0,
            25.0,
            30.0,
            35.0,
            40.0,
            45.0,
            50.0,
            55.0,
            60.0,
            65.0,
            70.0,
            75.0,
            80.0,
            85.0,
            90.0,
            95.0,
            100.0,
            105.0,
            110.0,
            115.0,
            120.0,
            125.0,
            130.0,
            135.0,
            140.0,
            145.0,
            150.0,
            155.0,
            160.0,
            165.0,
            170.0,
            175.0,
            180.0,
            185.0,
            190.0,
            195.0,
            200.0,
            205.0,
            210.0,
            215.0,
            220.0,
            225.0,
            230.0,
            235.0,
            240.0,
            245.0,
            250.0,
            255.0,
            260.0,
            265.0,
            270.0,
            275.0,
            280.0,
            285.0,
            290.0,
            295.0,
            300.0
        ]
    },
    "data": [
        {
            "bin": [
                0,
                2.5
            ],
            "values": [
                {
                    "bin": [
                        20.0,
                        25.0
                    ],
                    "value": 25.751245498657227,
                    "error_low": 345.66988783196086,
                    "error_high": 345.66988783196086
                },
                {
                    "bin": [
                        25.0,
                        30.0
                    ],
                    "value": 0.11818314343690872,
                    "error_low": 0.003266376108498453,
                    "error_high": 0.003266376108498453
                },
                {
                    "bin": [
                        30.0,
                        35.0
                    ],
                    "value": 0.12037628144025803,
                    "error_low": 0.0023198081269103377,
                    "error_high": 0.0023198081269103377
                },
                {
                    "bin": [
                        35.0,
                        40.0
                    ],
                    "value": 0.12238969653844833,
                    "error_low": 0.0016612668280723524,
                    "error_high": 0.0016612668280723524
                },
                {
                    "bin": [
                        40.0,
                        45.0
                    ],
                    "value": 0.12140951305627823,
                    "error_low": 0.0012236651920373228,
                    "error_high": 0.0012236651920373228
                },
                {
                    "bin": [
                        45.0,
                        50.0
                    ],
                    "value": 0.11976294219493866,
                    "error_low": 0.0009458382273046184,
                    "error_high": 0.0009458382273046184
                },
                {
                    "bin": [
                        50.0,
                        55.0
                    ],
                    "value": 0.12077957391738892,
                    "error_low": 0.000970366055526784,
                    "error_high": 0.000970366055526784
                },
                {
                    "bin": [
                        55.0,
                        60.0
                    ],
                    "value": 0.11979421228170395,
                    "error_low": 0.001041132240413097,
                    "error_high": 0.001041132240413097
                },
                {
                    "bin": [
                        60.0,
                        65.0
                    ],
                    "value": 0.12145255506038666,
                    "error_low": 0.0011433049163174364,
                    "error_high": 0.0011433049163174364
                },
                {
                    "bin": [
                        65.0,
                        70.0
                    ],
                    "value": 0.12181858718395233,
                    "error_low": 0.0012618192330168933,
                    "error_high": 0.0012618192330168933
                },
                {
                    "bin": [
                        70.0,
                        75.0
                    ],
                    "value": 0.12300518155097961,
                    "error_low": 0.001397692637789182,
                    "error_high": 0.001397692637789182
                },
                {
                    "bin": [
                        75.0,
                        80.0
                    ],
                    "value": 0.12420918792486191,
                    "error_low": 0.0015584331106757725,
                    "error_high": 0.0015584331106757725
                },
                {
                    "bin": [
                        80.0,
                        85.0
                    ],
                    "value": 0.12300927191972733,
                    "error_low": 0.0017096089214587507,
                    "error_high": 0.0017096089214587507
                },
                {
                    "bin": [
                        85.0,
                        90.0
                    ],
                    "value": 0.12477078288793564,
                    "error_low": 0.001903834213435956,
                    "error_high": 0.001903834213435956
                },
                {
                    "bin": [
                        90.0,
                        95.0
                    ],
                    "value": 0.12528392672538757,
                    "error_low": 0.00211246705746964,
                    "error_high": 0.00211246705746964
                },
                {
                    "bin": [
                        95.0,
                        100.0
                    ],
                    "value": 0.12649458646774292,
                    "error_low": 0.002346426549271907,
                    "error_high": 0.002346426549271907
                },
                {
                    "bin": [
                        100.0,
                        105.0
                    ],
                    "value": 0.1242862194776535,
                    "error_low": 0.002562192905618235,
                    "error_high": 0.002562192905618235
                },
                {
                    "bin": [
                        105.0,
                        110.0
                    ],
                    "value": 0.1225660964846611,
                    "error_low": 0.0027874829951099107,
                    "error_high": 0.0027874829951099107
                },
                {
                    "bin": [
                        110.0,
                        115.0
                    ],
                    "value": 0.12702688574790955,
                    "error_low": 0.0030895483531993566,
                    "error_high": 0.0030895483531993566
                },
                {
                    "bin": [
                        115.0,
                        120.0
                    ],
                    "value": 0.12735363841056824,
                    "error_low": 0.003378484894114109,
                    "error_high": 0.003378484894114109
                },
                {
                    "bin": [
                        120.0,
                        125.0
                    ],
                    "value": 0.12451086938381195,
                    "error_low": 0.003682302064136502,