{
    "dimension": 2,
    "variables": [
        "Eta",
        "Pt"
    ],
    "error_type": "absolute",
    "binning": {
        "x": [
            -2.5,
            2.5
        ],
        "y": [
            20.0,
            25.0,
            30.0,
            35.0,
            40.0,
            45.0,
            50.0,
            55.0,
            60.0,
            65.0,
            70.0,
            75.0,
            80.0,
            85.0,
            90.0,
            95.0,
            100.0,
            105.0,
            110.0,
            115.0,
            120.0,
            125.0,
            130.0,
            135.0,
            140.0,
            145.0,
            150.0,
            155.0,
            160.0,
            165.0,
            170.0,
            175.0,
            180.0,
            185.0,
            190.0,
            195.0,
            200.0,
            205.0,
            210.0,
            215.0,
            220.0,
            225.0,
            230.0,
            235.0,
            240.0,
            245.0,
            250.0,
            255.0,
            265.0,
            270.0,
            275.0,
            285.0,
            290.0,
            295.0,
            300.0
        ]
    },
    "data": [
        {
            "bin": [
                -2.5,
                2.5
            ],
            "values": [
                {
                    "bin": [
                        20.0,
                        25.0
                    ],
                    "value": 0.02855178483975225,
                    "error_low": 0.02982695254428706,
                    "error_high": 0.02982695254428706
                },
                {
                    "bin": [
                        25.0,
                        30.0
                    ],
                    "value": 0.014303956230364864,
                    "error_low": 0.002657307121404429,
                    "error_high": 0.002657307121404429
                },
                {
                    "bin": [
                        30.0,
                        35.0
                    ],
                    "value": 0.013549263534481819,
                    "error_low": 0.0015594387028960357,
                    "error_high": 0.0015594387028960357
                },
                {
                    "bin": [
                        35.0,
                        40.0
                    ],
                    "value": 0.014991900779753736,
                    "error_low": 0.0012035144191123541,
                    "error_high": 0.0012035144191123541
                },
                {
                    "bin": [
                        40.0,
                        45.0
                    ],
                    "value": 0.014420223914622872,
                    "error_low": 0.0008975154427786495,
                    "error_high": 0.0008975154427786495
                },
                {
                    "bin": [
                        45.0,
                        50.0
                    ],
                    "value": 0.014764458499200146,
                    "error_low": 0.00070778424571857,
                    "error_high": 0.00070778424571857
                },
                {
                    "bin": [
                        50.0,
                        55.0
                    ],
                    "value": 0.016627118132087722,
                    "error_low": 0.0007364255070222943,
                    "error_high": 0.0007364255070222943
                },
                {
                    "bin": [
                        55.0,
                        60.0
                    ],
                    "value": 0.01801253012510743,
                    "error_low": 0.0008129941060825783,
                    "error_high": 0.0008129941060825783
                },
                {
                    "bin": [
                        60.0,
                        65.0
                    ],
                    "value": 0.016933285686883147,
                    "error_low": 0.0008876063145761633,
                    "error_high": 0.0008876063145761633
                },
                {
                    "bin": [
                        65.0,
                        70.0
                    ],
                    "value": 0.01627711977897775,
                    "error_low": 0.0009654978583115793,
                    "error_high": 0.0009654978583115793
                },
                {
                    "bin": [
                        70.0,
                        75.0
                    ],
                    "value": 0.018021733659227455,
                    "error_low": 0.0010838622411638353,
                    "error_high": 0.0010838622411638353
                },
                {
                    "bin": [
                        75.0,
                        80.0
                    ],
                    "value": 0.019734003796437527,
                    "error_low": 0.0012352564299607188,
                    "error_high": 0.0012352564299607188
                },
                {
                    "bin": [
                        80.0,
                        85.0
                    ],
                    "value": 0.01917649584190543,
                    "error_low": 0.0014011946162077245,
                    "error_high": 0.0014011946162077245
                },
                {
                    "bin": [
                        85.0,
                        90.0
                    ],
                    "value": 0.017609256026336745,
                    "error_low": 0.001486162548210306,
                    "error_high": 0.001486162548210306
                },
                {
                    "bin": [
                        90.0,
                        95.0
                    ],
                    "value": 0.01823684875770615,
                    "error_low": 0.001658723239276109,
                    "error_high": 0.001658723239276109
                },
                {
                    "bin": [
                        95.0,
                        100.0
                    ],
                    "value": 0.01820493690903317,
                    "error_low": 0.0018551435569517684,
                    "error_high": 0.0018551435569517684
                },
                {
                    "bin": [
                        100.0,
                        105.0
                    ],
                    "value": 0.02108488459428418,
                    "error_low": 0.0020993812388943028,
                    "error_high": 0.0020993812388943028
                },
                {
                    "bin": [
                        105.0,
                        110.0
                    ],
                    "value": 0.020095412274269565,
                    "error_low": 0.002271541016408093,
                    "error_high": 0.002271541016408093
                },
                {
                    "bin": [
                        110.0,
                        115.0
                    ],
                    "value": 0.019826674985632634,
                    "error_low": 0.002543967477376602,
                    "error_high": 0.002543967477376602
                },
                {
                    "bin": [
                        115.0,
                        120.0
                    ],
                    "value": 0.022587599879978746,
                    "error_low": 0.002854707071826203,
                    "error_high": 0.002854707071826203
                },
                {
                    "bin": [
                        120.0,
                        125.0
                    ],
                    "value": 0.02665206465655586,
                    "error_low": 0.0031528571387988186,