{
    "dimension": 2,
    "variables": [
        "AbsEta",
        "Pt"
    ],
    "error_type": "absolute",
    "binning": {
        "x": [
            0,
            2.5
        ],
        "y": [
            20.0,
            25.0,
            30.0,
            35.0,
            40.0,
            45.0,
            50.0,
            55.0,
            60.0,
            65.0,
            70.0,
            75.0,
            80.0,
            85.0,
            90.0,
            95.0,
            100.0,
            105.0,
            110.0,
            115.0,
            120.0,
            125.0,
            130.0,
            135.0,
            140.0,
            145.0,
            150.0,
            155.0,
            160.0,
            165.0,
            170.0,
            175.0,
            180.0,
            185.0,
            190.0,
            195.0,
            200.0,
            205.0,
            210.0,
            215.0,
            220.0,
            225.0,
            230.0,
            235.0,
            240.0,
            245.0,
            250.0,
            255.0,
            260.0,
            265.0,
            270.0,
            275.0,
            280.0,
            285.0,
            295.0,
            300.0
        ]
    },
    "data": [
        {
            "bin": [
                0,
                2.5
            ],
            "values": [
                {
                    "bin": [
                        20.0,
                        25.0
                    ],
                    "value": 0.515731692314148,
                    "error_low": 0.6344688260234583,
                    "error_high": 0.6344688260234583
                },
                {
                    "bin": [
                        25.0,
                        30.0
                    ],
                    "value": 0.012043977156281471,
                    "error_low": 0.0042511049865056995,
                    "error_high": 0.0042511049865056995
                },
                {
                    "bin": [
                        30.0,
                        35.0
                    ],
                    "value": 0.021433930844068527,
                    "error_low": 0.003090861634595411,
                    "error_high": 0.003090861634595411
                },
                {
                    "bin": [
                        35.0,
                        40.0
                    ],
                    "value": 0.019463922828435898,
                    "error_low": 0.0020976460520562784,
                    "error_high": 0.0020976460520562784
                },
                {
                    "bin": [
                        40.0,
                        45.0
                    ],
                    "value": 0.021617954596877098,
                    "error_low": 0.0016372016685444859,
                    "error_high": 0.0016372016685444859
                },
                {
                    "bin": [
                        45.0,
                        50.0
                    ],
                    "value": 0.019760360941290855,
                    "error_low": 0.0012682567891306288,
                    "error_high": 0.0012682567891306288
                },
                {
                    "bin": [
                        50.0,
                        55.0
                    ],
                    "value": 0.022741323336958885,
                    "error_low": 0.0013126091760691113,
                    "error_high": 0.0013126091760691113
                },
                {
                    "bin": [
                        55.0,
                        60.0
                    ],
                    "value": 0.022148054093122482,
                    "error_low": 0.0013485206075994783,
                    "error_high": 0.0013485206075994783
                },
                {
                    "bin": [
                        60.0,
                        65.0
                    ],
                    "value": 0.024132050573825836,
                    "error_low": 0.0014889823851834524,
                    "error_high": 0.0014889823851834524
                },
                {
                    "bin": [
                        65.0,
                        70.0
                    ],
                    "value": 0.020681459456682205,
                    "error_low": 0.0016378269245225239,
                    "error_high": 0.0016378269245225239
                },
                {
                    "bin": [
                        70.0,
                        75.0
                    ],
                    "value": 0.021105844527482986,
                    "error_low": 0.001776501844225338,
                    "error_high": 0.001776501844225338
                },
                {
                    "bin": [
                        75.0,
                        80.0
                    ],
                    "value": 0.02435525879263878,
                    "error_low": 0.0020688415257425624,
                    "error_high": 0.0020688415257425624
                },
                {
                    "bin": [
                        80.0,
                        85.0
                    ],
                    "value": 0.02381356991827488,
                    "error_low": 0.002213600823115178,
                    "error_high": 0.002213600823115178
                },
                {
                    "bin": [
                        85.0,
                        90.0
                    ],
                    "value": 0.023223930969834328,
                    "error_low": 0.0024407407634124364,
                    "error_high": 0.0024407407634124364
                },
                {
                    "bin": [
                        90.0,
                        95.0
                    ],
                    "value": 0.028262201696634293,
                    "error_low": 0.002770521160418917,
                    "error_high": 0.002770521160418917
                },
                {
                    "bin": [
                        95.0,
                        100.0
                    ],
                    "value": 0.020580166950821877,
                    "error_low": 0.0027797929497244385,
                    "error_high": 0.0027797929497244385
                },
                {
                    "bin": [
                        100.0,
                        105.0
                    ],
                    "value": 0.018465057015419006,
                    "error_low": 0.0032653995647244425,
                    "error_high": 0.0032653995647244425
                },
                {
                    "bin": [
                        105.0,
                        110.0
                    ],
                    "value": 0.021592121571302414,
                    "error_low": 0.0034184179053780555,
                    "error_high": 0.0034184179053780555
                },
                {
                    "bin": [
                        110.0,
                        115.0
                    ],
                    "value": 0.02262444794178009,
                    "error_low": 0.003759506412590207,
                    "error_high": 0.003759506412590207
                },
                {
                    "bin": [
                        115.0,
                        120.0
                    ],
                    "value": 0.019671613350510597,
                    "error_low": 0.004149126093552664,
                    "error_high": 0.004149126093552664
                },
                {
                    "bin": [
                        120.0,
                        125.0
                    ],
                    "value": 0.025783641263842583,
                    "error_low": 0.004626364927672924,