{
    "dimension": 2,
    "variables": [
        "Eta",
        "Pt"
    ],
    "error_type": "absolute",
    "binning": {
        "x": [
            -2.5,
            2.5
        ],
        "y": [
            15.0,
            20.0,
            25.0,
            30.0,
            35.0,
            40.0,
            45.0,
            50.0,
            55.0,
            60.0,
            65.0,
            70.0,
            75.0,
            80.0,
            85.0,
            90.0,
            95.0,
            100.0,
            105.0,
            110.0,
            115.0,
            120.0,
            125.0,
            130.0,
            135.0,
            140.0,
            145.0,
            150.0,
            155.0,
            160.0,
            165.0,
            170.0,
            175.0,
            180.0,
            185.0,
            190.0,
            195.0,
            200.0,
            205.0,
            210.0,
            215.0,
            220.0,
            225.0,
            230.0,
            235.0,
            240.0,
            245.0,
            250.0,
            255.0,
            260.0,
            265.0,
            270.0,
            275.0,
            280.0,
            285.0,
            290.0,
            295.0
        ]
    },
    "data": [
        {
            "bin": [
                -2.5,
                2.5
            ],
            "values": [
                {
                    "bin": [
                        15.0,
                        20.0
                    ],
                    "value": 0.030686902626067648,
                    "error_low": 0.02657245149483896,
                    "error_high": 0.02657245149483896
                },
                {
                    "bin": [
                        20.0,
                        25.0
                    ],
                    "value": 0.020204701907572606,
                    "error_low": 0.003823114083425015,
                    "error_high": 0.003823114083425015
                },
                {
                    "bin": [
                        25.0,
                        30.0
                    ],
                    "value": 0.01174853530671425,
                    "error_low": 0.0014668567516618743,
                    "error_high": 0.0014668567516618743
                },
                {
                    "bin": [
                        30.0,
                        35.0
                    ],
                    "value": 0.011284967339090787,
                    "error_low": 0.0009702715265496518,
                    "error_high": 0.0009702715265496518
                },
                {
                    "bin": [
                        35.0,
                        40.0
                    ],
                    "value": 0.011397547593472291,
                    "error_low": 0.0006917049078718018,
                    "error_high": 0.0006917049078718018
                },
                {
                    "bin": [
                        40.0,
                        45.0
                    ],
                    "value": 0.01154537255249583,
                    "error_low": 0.0004841089471041263,
                    "error_high": 0.0004841089471041263
                },
                {
                    "bin": [
                        45.0,
                        50.0
                    ],
                    "value": 0.011383766709454955,
                    "error_low": 0.00036646308745480883,
                    "error_high": 0.00036646308745480883
                },
                {
                    "bin": [
                        50.0,
                        55.0
                    ],
                    "value": 0.012080699622034865,
                    "error_low": 0.00038883953884569504,
                    "error_high": 0.00038883953884569504
                },
                {
                    "bin": [
                        55.0,
                        60.0
                    ],
                    "value": 0.013147008544853992,
                    "error_low": 0.0004382961016002276,
                    "error_high": 0.0004382961016002276
                },
                {
                    "bin": [
                        60.0,
                        65.0
                    ],
                    "value": 0.014225608210330577,
                    "error_low": 0.000494698933804336,
                    "error_high": 0.000494698933804336
                },
                {
                    "bin": [
                        65.0,
                        70.0
                    ],
                    "value": 0.013659982946106437,
                    "error_low": 0.0005436733340297324,
                    "error_high": 0.0005436733340297324
                },
                {
                    "bin": [
                        70.0,
                        75.0
                    ],
                    "value": 0.015382749736717577,
                    "error_low": 0.0006188964020863107,
                    "error_high": 0.0006188964020863107
                },
                {
                    "bin": [
                        75.0,
                        80.0
                    ],
                    "value": 0.01663808734807068,
                    "error_low": 0.0007047998780418361,
                    "error_high": 0.0007047998780418361
                },
                {
                    "bin": [
                        80.0,
                        85.0
                    ],
                    "value": 0.01585281486851931,
                    "error_low": 0.0007699467468441876,
                    "error_high": 0.0007699467468441876
                },
                {
                    "bin": [
                        85.0,
                        90.0
                    ],
                    "value": 0.015965754591921733,
                    "error_low": 0.0008518743926017145,
                    "error_high": 0.0008518743926017145
                },
                {
                    "bin": [
                        90.0,
                        95.0
                    ],
                    "value": 0.01545919202739142,
                    "error_low": 0.0009361912226560345,
                    "error_high": 0.0009361912226560345
                },
                {
                    "bin": [
                        95.0,
                        100.0
                    ],
                    "value": 0.01665607729696437,
                    "error_low": 0.0010543450655193728,
                    "error_high": 0.0010543450655193728
                },
                {
                    "bin": [
                        100.0,
                        105.0
                    ],
                    "value": 0.015463386522485266,
                    "error_low": 0.001129065772268382,
                    "error_high": 0.001129065772268382
                },
                {
                    "bin": [
                        105.0,
                        110.0
                    ],
                    "value": 0.019063781486794478,
                    "error_low": 0.0013060626478721676,
                    "error_high": 0.0013060626478721676
                },
                {
                    "bin": [
                        110.0,
                        115.0
                    ],
                    "value": 0.01662626887129532,
                    "error_low": 0.001364366529671086,
                    "error_high": 0.001364366529671086
                },
                {
                    "bin": [
                        115.0,
                        120.0
                    ],
                    "value": 0.019723829372433072,
                    "error_low": 0.001572803839326919,