{
    "HH_e_boosted_GGF_2017": {
        "cog": 0.49999999999999994,
        "nom": 2,
        "slope": 1
    },
    "HH_e_boosted_Top_2017": {
        "cog": 0.3850473357750821,
        "nom": 0.796602384148997,
        "slope": 1.3590995042992735
    },
    "HH_e_boosted_VBF_2017": {
        "cog": 0.49999999999999994,
        "nom": 2,
        "slope": 1
    },
    "HH_e_inclusive_OtherH_2017": {
        "cog": 0.40529375039421184,
        "nom": 0.6573528926806983,
        "slope": 1.3667200931058214
    },
    "HH_e_inclusive_WJets_2017": {
        "cog": 0.4225832059437568,
        "nom": 0.777174219243938,
        "slope": 0.11957539064398769
    },
    "HH_e_resolved1b_GGF_2017": {
        "cog": 0.32584976333925486,
        "nom": 2,
        "slope": 4.566777378320686
    },
    "HH_e_resolved1b_VBF_2017": {
        "cog": 0.2989822161241807,
        "nom": 2,
        "slope": -1.6335263219144627
    },
    "HH_e_resolved2b_GGF_2017": {
        "cog": 0.49999999999999994,
        "nom": 2,
        "slope": 1
    },
    "HH_e_resolved2b_VBF_2017": {
        "cog": 0.49999999999999994,
        "nom": 2,
        "slope": 1
    },
    "HH_e_resolved_Top_2017": {
        "cog": 0.3616685319240518,
        "nom": 0.584002046988948,
        "slope": 0.4144843470835396
    },
    "HH_m_boosted_GGF_2017": {
        "cog": 0.49999999999999994,
        "nom": 2,
        "slope": 1
    },
    "HH_m_boosted_Top_2017": {
        "cog": 0.3564015150412881,
        "nom": 1.453931223803285,
        "slope": 0.633730286846265
    },
    "HH_m_boosted_VBF_2017": {
        "cog": 0.49999999999999994,
        "nom": 2,
        "slope": 1
    },
    "HH_m_inclusive_OtherH_2017": {
        "cog": 0.3951304391930825,
        "nom": 1.2193483384155814,
        "slope": -1.7519863619992162
    },
    "HH_m_inclusive_WJets_2017": {
        "cog": 0.39634292570076785,
        "nom": 1.4935795027607346,
        "slope": -0.2800329139578429
    },
    "HH_m_resolved1b_GGF_2017": {
        "cog": 0.35222903409020595,
        "nom": 2,
        "slope": 1.319998162668889
    },
    "HH_m_resolved1b_VBF_2017": {
        "cog": 0.3907985433507772,
        "nom": 1.9376138597887003,
        "slope": 1.4197285657544993
    },
    "HH_m_resolved2b_GGF_2017": {
        "cog": 0.49999999999999994,
        "nom": 2,
        "slope": 1
    },
    "HH_m_resolved2b_VBF_2017": {
        "cog": 0.49999999999999994,
        "nom": 2,
        "slope": 1
    },
    "HH_m_resolved_Top_2017": {
        "cog": 0.35591356152319936,
        "nom": 1.0997887540608866,
        "slope": -1.3292529423128738
    }
}