{
    "HH_e_boosted_GGF_2016": {
        "cog": 0.49999999999999994,
        "nom": 2,
        "slope": 1
    },
    "HH_e_boosted_Top_2016": {
        "cog": 0.38427695647151305,
        "nom": 2,
        "slope": 4.5378273589099365
    },
    "HH_e_boosted_VBF_2016": {
        "cog": 0.49999999999999994,
        "nom": 2,
        "slope": 1
    },
    "HH_e_inclusive_OtherH_2016": {
        "cog": 0.41352106677668676,
        "nom": 1.2101511609017883,
        "slope": 1.0889612801450343
    },
    "HH_e_inclusive_WJets_2016": {
        "cog": 0.40167005133940936,
        "nom": 0.9821904862710092,
        "slope": -1.1898712981608093
    },
    "HH_e_resolved1b_GGF_2016": {
        "cog": 0.24913702321544895,
        "nom": 1.6319574140088382,
        "slope": 2.666666666666667
    },
    "HH_e_resolved1b_VBF_2016": {
        "cog": 0.49999999999999994,
        "nom": 2,
        "slope": 1
    },
    "HH_e_resolved2b_GGF_2016": {
        "cog": 0.49999999999999994,
        "nom": 2,
        "slope": 1
    },
    "HH_e_resolved2b_VBF_2016": {
        "cog": 0.49999999999999994,
        "nom": 2,
        "slope": 1
    },
    "HH_e_resolved_Top_2016": {
        "cog": 0.3594855404670178,
        "nom": 1.1481678593797742,
        "slope": -0.1860567338107826
    },
    "HH_m_boosted_GGF_2016": {
        "cog": 0.49999999999999994,
        "nom": 2,
        "slope": 1
    },
    "HH_m_boosted_Top_2016": {
        "cog": 0.3681942945366196,
        "nom": 1.4127712027329395,
        "slope": -2.135921264227689
    },
    "HH_m_boosted_VBF_2016": {
        "cog": 0.49999999999999994,
        "nom": 2,
        "slope": 1
    },
    "HH_m_inclusive_OtherH_2016": {
        "cog": 0.40484913278483275,
        "nom": 1.38902711341721,
        "slope": 0.14058977088251373
    },
    "HH_m_inclusive_WJets_2016": {
        "cog": 0.3801454039311388,
        "nom": 1.4377684001300053,
        "slope": -0.5339755934162387
    },
    "HH_m_resolved1b_GGF_2016": {
        "cog": 0.49999999999999994,
        "nom": 2,
        "slope": 1
    },
    "HH_m_resolved1b_VBF_2016": {
        "cog": 0.3004719299392267,
        "nom": 2,
        "slope": -0.5339755934162387
    },
    "HH_m_resolved2b_GGF_2016": {
        "cog": 0.3793794161546652,
        "nom": 2,
        "slope": -0.5339755934162387
    },
    "HH_m_resolved2b_VBF_2016": {
        "cog": 0.29591836734693877,
        "nom": 0.33928607490776713,
        "slope": -0.5339755934162387
    },
    "HH_m_resolved_Top_2016": {
        "cog": 0.36287603360653053,
        "nom": 1.4664506088827791,
        "slope": 0.056381229269163814
    }
}