{
    "HH_e_boosted_GGF_2018": {
        "cog": 0.49999999999999994,
        "nom": 2,
        "slope": 1
    },
    "HH_e_boosted_Top_2018": {
        "cog": 0.3886826683734516,
        "nom": 1.5636423417613543,
        "slope": -0.13135472855571048
    },
    "HH_e_boosted_VBF_2018": {
        "cog": 0.49999999999999994,
        "nom": 2,
        "slope": 1
    },
    "HH_e_inclusive_OtherH_2018": {
        "cog": 0.40765305148549263,
        "nom": 0.896230641271422,
        "slope": 1.2905776201026355
    },
    "HH_e_inclusive_WJets_2018": {
        "cog": 0.4003959684548021,
        "nom": 1.0340754809150408,
        "slope": -2.184063834183952
    },
    "HH_e_resolved1b_GGF_2018": {
        "cog": 0.2691961963559874,
        "nom": 0.7557134369277646,
        "slope": -2.184063834183952
    },
    "HH_e_resolved1b_VBF_2018": {
        "cog": 0.49999999999999994,
        "nom": 2,
        "slope": 1
    },
    "HH_e_resolved2b_GGF_2018": {
        "cog": 0.49999999999999994,
        "nom": 2,
        "slope": 1
    },
    "HH_e_resolved2b_VBF_2018": {
        "cog": 0.49999999999999994,
        "nom": 2,
        "slope": 1
    },
    "HH_e_resolved_Top_2018": {
        "cog": 0.3663127236373977,
        "nom": 0.7326787527826093,
        "slope": 0.4073781760692907
    },
    "HH_m_boosted_GGF_2018": {
        "cog": 0.49999999999999994,
        "nom": 2,
        "slope": 1
    },
    "HH_m_boosted_Top_2018": {
        "cog": 0.3597186178010579,
        "nom": 1.6430267281062902,
        "slope": 2.0592713500185122
    },
    "HH_m_boosted_VBF_2018": {
        "cog": 0.5408163265306122,
        "nom": 0.2891707268625276,
        "slope": 2.0592713500185122
    },
    "HH_m_inclusive_OtherH_2018": {
        "cog": 0.39874022069973847,
        "nom": 1.0594735881695267,
        "slope": -0.11133625627082455
    },
    "HH_m_inclusive_WJets_2018": {
        "cog": 0.3718065018359186,
        "nom": 1.0791078292129077,
        "slope": -1.9932101781016285
    },
    "HH_m_resolved1b_GGF_2018": {
        "cog": 0.36441949034388416,
        "nom": 2,
        "slope": -1.9932101781016285
    },
    "HH_m_resolved1b_VBF_2018": {
        "cog": 0.3795298033343633,
        "nom": 1.754525933289544,
        "slope": 4.513366540273047
    },
    "HH_m_resolved2b_GGF_2018": {
        "cog": 0.49999999999999994,
        "nom": 2,
        "slope": 1
    },
    "HH_m_resolved2b_VBF_2018": {
        "cog": 0.49999999999999994,
        "nom": 2,
        "slope": 1
    },
    "HH_m_resolved_Top_2018": {
        "cog": 0.35980214047495906,
        "nom": 0.9928028377496697,
        "slope": -0.7947168867681325
    }
}