{
    "HH_boosted_DY_VVV": {
        "coefficients": [
            0.7894658496590101,
            0.35251138563343226
        ],
        "covariance": [
            [
                0.032085307518092215,
                -0.05401109259497517
            ],
            [
                -0.05401109259497517,
                0.09711059355310737
            ]
        ]
    },
    "HH_boosted_ST": {
        "coefficients": [
            0.9704790247335061,
            -0.3745330135788104
        ],
        "covariance": [
            [
                0.4111731916549675,
                -1.2170128020368436
            ],
            [
                -1.2170128020368436,
                3.8011359592068077
            ]
        ]
    },
    "HH_boosted_TT": {
        "coefficients": [
            3.667079386383134,
            -7.3269683448472875
        ],
        "covariance": [
            [
                8.333042872319249,
                -27.88559895451524
            ],
            [
                -27.88559895451524,
                95.12258320742713
            ]
        ]
    },
    "HH_boosted_other": {
        "coefficients": [
            1.424457916788863,
            -0.5641452169904805
        ],
        "covariance": [
            [
                0.16274070001314603,
                -0.35994862370902647
            ],
            [
                -0.35994862370902647,
                0.8838043228950261
            ]
        ]
    },
    "HH_inclusive_other_2016": {
        "coefficients": [
            1.143375632130067,
            -0.1361692068845625
        ],
        "covariance": [
            [
                0.01935621099504795,
                -0.04519222254497919
            ],
            [
                -0.04519222254497919,
                0.11269472605175253
            ]
        ]
    },
    "HH_inclusive_other_2017": {
        "coefficients": [
            1.4105766821381587,
            -0.6625481282301604
        ],
        "covariance": [
            [
                0.021468028714076444,
                -0.0561218592667451
            ],
            [
                -0.0561218592667451,
                0.15927505899195804
            ]
        ]
    },
    "HH_inclusive_other_2018": {
        "coefficients": [
            1.3441169862432671,
            -0.21084940983993342
        ],
        "covariance": [
            [
                0.07568389367184425,
                -0.18721058845721317
            ],
            [
                -0.18721058845721317,
                0.4929647738155808
            ]
        ]
    },
    "HH_resolved_DY_VVV_2016": {
        "coefficients": [
            1.06391255092243,
            -0.4122207141986076
        ],
        "covariance": [
            [
                0.0034683431769934243,
                -0.007404453699177867
            ],
            [
                -0.007404453699177867,
                0.016400831878642483
            ]
        ]
    },
    "HH_resolved_DY_VVV_2017": {
        "coefficients": [
            0.9460466878594093,
            -0.12488220801050058
        ],
        "covariance": [
            [
                0.0017243417759279414,
                -0.0036558230648477343
            ],
            [
                -0.0036558230648477343,
                0.00814492456551662
            ]
        ]
    },
    "HH_resolved_DY_VVV_2018": {
        "coefficients": [
            1.2858548236407874,
            -0.7973862072724676
        ],
        "covariance": [
            [
                0.0033482314050737143,
                -0.006732140359209139
            ],
            [
                -0.006732140359209139,
                0.014077627124749687
            ]
        ]
    },
    "HH_resolved_ST_2016": {
        "coefficients": [
            0.16227718427163265,
            2.9045096467527287
        ],
        "covariance": [
            [
                0.30832205037531146,
                -1.029113493588249
            ],
            [
                -1.029113493588249,
                3.565113765061272
            ]
        ]
    },
    "HH_resolved_ST_2017": {
        "coefficients": [
            1.1074818073716282,
            -0.3506139912541161
        ],
        "covariance": [
            [
                0.034678777578071425,
                -0.101589725712177
            ],
            [
                -0.101589725712177,
                0.30926263129603704
            ]
        ]
    },
    "HH_resolved_ST_2018": {
        "coefficients": [
            0.8417324795956264,
            0.3947776939019344
        ],
        "covariance": [
            [
                0.35641464261532035,
                -1.1274766602840618
            ],
            [
                -1.1274766602840618,
                3.629483789473626
            ]
        ]
    },
    "HH_resolved_TT_2016": {
        "coefficients": [
            1.1945975817001195,
            -0.7160545465247193
        ],
        "covariance": [
            [
                0.13708063281396643,
                -0.4198528244159526
            ],
            [
                -0.4198528244159526,
                1.3258642247727213
            ]
        ]
    },
    "HH_resolved_TT_2017": {
        "coefficients": [
            1.7817206997394937,
            -2.729354104739263
        ],
        "covariance": [
            [
                0.05470033194174078,
                -0.16541099245177118
            ],
            [
                -0.16541099245177118,
                0.529946016947719
            ]
        ]
    },
    "HH_resolved_TT_2018": {
        "coefficients": [
            0.6493901467500269,
            0.9023020939373492
        ],
        "covariance": [
            [
                0.08667319863278475,
                -0.2717552964812488
            ],
            [
                -0.2717552964812488,
                0.901644728049548
            ]
        ]
    },
    "HH_resolved_other_2016": {
        "coefficients": [
            0.9876249842236108,
            0.2106457300896098
        ],
        "covariance": [
            [
                0.015871749057439686,
                -0.04063173620309023
            ],
            [
                -0.04063173620309023,
                0.11055141636220955
            ]
        ]
    },
    "HH_resolved_other_2017": {
        "coefficients": [
            1.1803733145039115,
            -0.2735451532662197
        ],
        "covariance": [
            [
                0.013106571695120936,
                -0.03789237971048256
            ],
            [
                -0.03789237971048256,
                0.11541779525769497
            ]
        ]
    },
    "HH_resolved_other_2018": {
        "coefficients": [
            0.7718814374495754,
            1.0744426198671448
        ],
        "covariance": [
            [
                0.034281981965697636,
                -0.09760396895410038
            ],
            [
                -0.09760396895410038,
                0.29602557656167516
            ]
        ]
    }
}