{
    "DYJetsToLL_M-50": {
        "0": 0.7393983006383106,
        "1": 0.43354237657509187,
        "2": 0.328638796989563,
        "3": 0.337940603096775
    },
    "DYToLL_0J": {
        "0": 0.2606008682491437,
        "1": 0.15280197379508587,
        "2": 0.11582871608157537,
        "3": 0.1191071368538871
    },
    "DYToLL_1J": {
        "0": 1.0831304458932995,
        "1": 0.6350879454930268,
        "2": 0.4814166957292836,
        "3": 0.49504273380351216
    },
    "DYToLL_2J": {
        "0": 1.4797050148678266,
        "1": 0.8676173967698733,
        "2": 0.6576813546444196,
        "3": 0.6762963949174193
    }
}