{
    "DYJetsToLL_M-50": {
        "0": 0.8013151305340144,
        "1": 0.6547348396684609,
        "2": 0.5415831304455369,
        "3": 0.5333357566492758
    },
    "DYToLL_0J": {
        "0": 0.1649724271126049,
        "1": 0.1347949034024926,
        "2": 0.11149955879817264,
        "3": 0.10980161348224261
    },
    "DYToLL_1J": {
        "0": 0.6974131375545872,
        "1": 0.5698390825282166,
        "2": 0.47135911435859773,
        "3": 0.46418113079549844
    },
    "DYToLL_2J": {
        "0": 0.6817460145187237,
        "1": 0.5570378625111728,
        "2": 0.460770209674889,
        "3": 0.45375347680463846
    }
}