{
    "DYJetsToLL_M-50": {
        "0": 0.8150848672827549,
        "1": 0.6853902263096452,
        "2": 0.6042067533792308,
        "3": 0.5819222694852856
    },
    "DYToLL_0J": {
        "0": 0.14638031440662666,
        "1": 0.12308857745439038,
        "2": 0.10850891493189448,
        "3": 0.1045068657101249
    },
    "DYToLL_1J": {
        "0": 0.6517730019155313,
        "1": 0.5480642117361689,
        "2": 0.48314680499522306,
        "3": 0.46532728024792275
    },
    "DYToLL_2J": {
        "0": 0.5472381830402713,
        "1": 0.46016275994624417,
        "2": 0.4056571519996212,
        "3": 0.3906956173599622
    }
}