{
    "DYJetsToLL_M-10to50.root": 39360052.61886842,
    "DYJetsToLL_M-50.root": 3463899165773.856,
    "DYToLL_0J.root": 568367106579.0267,
    "DYToLL_1J.root": 445385451346.9636,
    "DYToLL_2J.root": 162847524095.1099,
    "GluGluHToBB.root": 1661671723.0487666,
    "GluGluHToGG.root": 213408144.6169023,
    "GluGluHToMuMu.root": 41223730.49779092,
    "GluGluHToTauTau.root": 270002125.5714792,
    "GluGluHToWWTo2L2Nu.root": 28861156.135138504,
    "GluGluHToWWToLNuQQ.root": 28859238.727953613,
    "GluGluHToZZTo2L2Q.root": 28416965.69880072,
    "GluGluHToZZTo4L.root": 27657936.805563036,
    "HZJ_HToWW.root": 789479.4179141339,
    "ST_schannel_4f.root": 74567625.13430889,
    "ST_tW_antitop_5f.root": 266470421.96568555,
    "ST_tW_top_5f.root": 334874722.2088431,
    "ST_tchannel_antitop_4f.root": 5125996535.388437,
    "ST_tchannel_top_4f.root": 16603455266.973837,
    "TGJets.root": 6660928.097669132,
    "THQ.root": 29413869.10963409,
    "THW.root": 14971606.149806703,
    "TTGJets.root": 33778755.65431488,
    "TTTT.root": 19349.71671588397,
    "TTTo2L2Nu.root": 4622080044.955306,
    "TTToHadronic.root": 41113517400.22204,
    "TTToSemiLeptonic.root": 30545238400.06973,
    "TTWH.root": 198923.4823714278,
    "TTWJetsToLNu.root": 1690091.782056603,
    "TTWJetsToQQ.root": 580758.8456673448,
    "TTWW.root": 979202.6633155459,
    "TTZH.root": 199302.83368754372,
    "TTZToLLNuNu_M-10.root": 3226764.9057380566,
    "TTZToLL_M-1to10.root": 13361.866623262555,
    "TTZToQQ.root": 4915739.36497495,
    "VBFHToBB.root": 29282880.302098747,
    "VBFHToGG.root": 7681928.604487639,
    "VBFHToMuMu.root": 3859616.343060444,
    "VBFHToTauTau.root": 11578272.754557662,
    "VBFHToWWTo2L2Nu.root": 3877039.046967744,
    "VBFHToWWToLNuQQ.root": 3937455.6159251877,
    "VBFHToZZTo4L.root": 1967465.1880714244,
    "VHToNonbb.root": 6463269.9650760405,
    "W1JetsToLNu.root": 51041402.23692221,
    "W2JetsToLNu.root": 23268796.8161659,
    "W3JetsToLNu.root": 14489898.905917956,
    "W4JetsToLNu.root": 10059700.494647197,
    "WGToLNuG.root": 9954974046.232294,
    "WJetsToLNu.root": 70389866.80440784,
    "WJetsToLNu_HT-100To200.root": 28332257.407190047,
    "WJetsToLNu_HT-1200To2500.root": 7567071.148008634,
    "WJetsToLNu_HT-200To400.root": 25415129.21261818,
    "WJetsToLNu_HT-2500ToInf.root": 3189396.0791182625,
    "WJetsToLNu_HT-400To600.root": 5913597.774313183,
    "WJetsToLNu_HT-600To800.root": 19690762.310800027,
    "WJetsToLNu_HT-70To100.root": 28054964.870890077,
    "WJetsToLNu_HT-800To1200.root": 8357921.270734888,
    "WWTo2L2Nu.root": 85917642.68532671,
    "WWTo2L2Nu_DoubleScattering.root": 871417.5182999996,
    "WWToLNuQQ.root": 882614858.1452532,
    "WWW.root": 51526.372023297066,
    "WWZ.root": 41782.72563575991,
    "WZG.root": 85234.51958654789,
    "WZTo2L2Q.root": 275210257.9261818,
    "WZTo3LNu.root": 189243127.70680013,
    "WZZ.root": 14244.579474767335,
    "WminusH_HToBB_WToLNu.root": 640068.0538160111,
    "WpWpJJ.root": 149261.34558008696,
    "WplusH_HToBB_WToLNu.root": 1014597.8636816423,
    "ZGToLLG.root": 1514115614.24273,
    "ZHToTauTau.root": 3757651.5861894256,
    "ZH_HToBB_ZToLL.root": 552588.1316814714,
    "ZZTo2L2Q.root": 157311202.37638053,
    "ZZTo4L.root": 139502339.7777781,
    "ZZZ.root": 3682.9220400808595,
    "tZq_ll.root": 1023746.4099003623,
    "ttHJetToNonbb.root": 9587616.869644774,
    "ttHJetTobb.root": 10065528.990323996
}