{
    "DYJetsToLL_M-10to50.root": 35114961.0,
    "DYJetsToLL_M-50.root": 1897141621849.1194,
    "DYToLL_0J.root": 531841233160.27563,
    "DYToLL_1J.root": 412714341309.5362,
    "DYToLL_2J.root": 212891324472.1656,
    "GluGluHToBB.root": 524413568.05377996,
    "GluGluHToGG.root": 89212192.12336,
    "GluGluHToMuMu.root": 1990894.2635480063,
    "GluGluHToTauTau.root": 9673200.0,
    "GluGluHToWWTo2L2Nu.root": 492200.0,
    "GluGluHToWWToLNuQQ.root": 198000.0,
    "GluGluHToZZTo4L.root": 999800.0,
    "HZJ_HToWW.root": 222635.94038200015,
    "ST_schannel_4f.root": 36943028.0324744,
    "ST_tW_antitop_5f.root": 6933094.0,
    "ST_tW_top_5f.root": 6952830.0,
    "ST_tchannel_antitop_4f.root": 78466732.99032153,
    "ST_tchannel_top_4f.root": 67105876.0,
    "TGJets.root": 648.4355507631549,
    "THQ.root": 9670778.474769648,
    "THW.root": 4989133.867540886,
    "TTGJets.root": 101000494.77454202,
    "TTTT.root": 2283.8227267200004,
    "TTTo2L2Nu.root": 4784620999.117418,
    "TTToHadronic.root": 21500086465.247623,
    "TTToSemiLeptonic.root": 32366940321.339146,
    "TTWH.root": 98600.0,
    "TTWJetsToLNu.root": 1054697.94800064,
    "TTWJetsToQQ.root": 569424.1453420002,
    "TTWW.root": 98300.0,
    "TTZH.root": 97800.0,
    "TTZToLLNuNu_M-10.root": 2972601.126419441,
    "TTZToLL_M-1to10.root": 246792.0,
    "TTZToQQ.root": 396340.93255240016,
    "VBFHToBB.root": 17839729.613639995,
    "VBFHToGG.root": 12375429.19728,
    "VBFHToMuMu.root": 3729024.983790238,
    "VBFHToTauTau.root": 5605381.85592,
    "VBFHToWWTo2L2Nu.root": 376906.1507400001,
    "VBFHToWWToLNuQQ.root": 753842.4956400002,
    "VBFHToZZTo4L.root": 1884538.3022400006,
    "VHToNonbb.root": 5296350.861804,
    "W1JetsToLNu.root": 43773492.0,
    "W2JetsToLNu.root": 60366929.0,
    "W3JetsToLNu.root": 59300029.0,
    "W4JetsToLNu.root": 27868119.0,
    "WGToLNuG.root": 8962802284.269423,
    "WJetsToLNu.root": 86413370.0,
    "WJetsToLNu_HT-100To200.root": 39449178.0,
    "WJetsToLNu_HT-1200To2500.root": 6872441.0,
    "WJetsToLNu_HT-200To400.root": 38984322.0,
    "WJetsToLNu_HT-2500ToInf.root": 2637821.0,
    "WJetsToLNu_HT-400To600.root": 7759701.0,
    "WJetsToLNu_HT-600To800.root": 18687480.0,
    "WJetsToLNu_HT-70To100.root": 10020533.0,
    "WJetsToLNu_HT-800To1200.root": 7830536.0,
    "WWTo2L2Nu.root": 1999000.0,
    "WWTo2L2Nu_DoubleScattering.root": 999367.0,
    "WWToLNuQQ.root": 8654600.0,
    "WWW.root": 50012.91451008002,
    "WWZ.root": 41171.8092188,
    "WZG.root": 41207.14302055802,
    "WZTo2L2Q.root": 234019002.39681596,
    "WZTo3LNu.root": 97448995.34015502,
    "WZZ.root": 13736.419587359997,
    "WminusH_HToBB_WToLNu.root": 421007.33151000005,
    "WpWpJJ.root": 149681.0,
    "WplusH_HToBB_WToLNu.root": 690338.0570790002,
    "ZGTo2LG.root": 3420691477.5599995,
    "ZHToTauTau.root": 451664.57493800024,
    "ZH_HToBB_ZToLL.root": 223865.06672720014,
    "ZZTo2L2Q.root": 78447678.65153101,
    "ZZTo4L.root": 6669988.0,
    "ZZZ.root": 3499.4468979589997,
    "tZq_ll.root": 1879546.0188722017,
    "ttHJetToNonbb.root": 10142423.525162002,
    "ttHJetTobb.root": 9760079.108688802
}
