{
    "DYJetsToLL_M-10to50.root": 78994955.0,
    "DYJetsToLL_M-50.root": 3742784618144.33,
    "DYToLL_0J.root": 534004807773.8684,
    "DYToLL_1J.root": 445782009508.434,
    "DYToLL_2J.root": 142147520234.2902,
    "GluGluHToBB.root": 1030139245.6308402,
    "GluGluHToGG.root": 219403548.24207997,
    "GluGluHToMuMu.root": 42603360.76709458,
    "GluGluHToTauTau.root": 261548008.0688001,
    "GluGluHToWWTo2L2Nu.root": 27528018.788200006,
    "GluGluHToWWToLNuQQ.root": 13429096.404489616,
    "GluGluHToZZTo2L2Q.root": 28650736.228800006,
    "GluGluHToZZTo4L.root": 56394469.42902892,
    "HZJ_HToWW.root": 308673.137196,
    "ST_schannel_4f.root": 74017057.86884174,
    "ST_tW_antitop_5f.root": 549768102.0285246,
    "ST_tW_top_5f.root": 542690085.1989232,
    "ST_tchannel_antitop_4f.root": 68365172.55041936,
    "ST_tchannel_top_4f.root": 126895922.59655379,
    "TGJets.root": 6797736.7040000865,
    "THQ.root": 9865010.0,
    "THW.root": 4714331.0,
    "TTGJets.root": 114743635.49447396,
    "TTTT.root": 18645.48777215591,
    "TTTo2L2Nu.root": 5571653749.416959,
    "TTToHadronic.root": 40875369044.0838,
    "TTToSemiLeptonic.root": 46150979139.51597,
    "TTWH.root": 198839.68086545126,
    "TTWJetsToLNu.root": 3368310.986872942,
    "TTWJetsToQQ.root": 560315.1334200001,
    "TTWW.root": 198814.7619521069,
    "TTZH.root": 199192.23498986452,
    "TTZToLLNuNu_M-10.root": 4622952.084496339,
    "TTZToLL_M-1to10.root": 13183.351527060004,
    "TTZToQQ.root": 4947967.302543201,
    "VBFHToBB.root": 19299381.315840006,
    "VBFHToGG.root": 11643813.140962971,
    "VBFHToMuMu.root": 3790833.0460432433,
    "VBFHToTauTau.root": 11492139.893520005,
    "VBFHToWWTo2L2Nu.root": 1939265.6509200009,
    "VBFHToWWToLNuQQ.root": 1889801.4008852795,
    "VBFHToZZTo4L.root": 7814775.46395261,
    "VHToNonbb.root": 5370143.728608,
    "W1JetsToLNu.root": 54106926.0,
    "W2JetsToLNu.root": 32333413.0,
    "W3JetsToLNu.root": 19669693.0,
    "W4JetsToLNu.root": 11074019.0,
    "WGToLNuG.root": 9216378329.8356,
    "WJetsToLNu.root": 74568768.0,
    "WJetsToLNu_HT-100To200.root": 35804623.0,
    "WJetsToLNu_HT-1200To2500.root": 19991892.0,
    "WJetsToLNu_HT-200To400.root": 21192211.0,
    "WJetsToLNu_HT-2500ToInf.root": 20629585.0,
    "WJetsToLNu_HT-400To600.root": 14250114.0,
    "WJetsToLNu_HT-600To800.root": 21582309.0,
    "WJetsToLNu_HT-70To100.root": 22229710.0,
    "WJetsToLNu_HT-800To1200.root": 20272990.0,
    "WWTo2L2Nu.root": 44304544.76408534,
    "WWTo2L2Nu_DoubleScattering.root": 968000.0,
    "WWToLNuQQ.root": 1267326457.803209,
    "WWW.root": 49900.45793484,
    "WWZ.root": 41838.28781424001,
    "WZG.root": 43519.895425983996,
    "WZTo3LNu.root": 94563223.139593,
    "WZZ.root": 13945.545633599999,
    "WminusH_HToBB_WToLNu.root": 419587.333632,
    "WpWpJJ.root": 148394.0,
    "WplusH_HToBB_WToLNu.root": 699984.5144939999,
    "ZGToLLG.root": 3313062086.668601,
    "ZHToTauTau.root": 3900412.331112001,
    "ZH_HToBB_ZToLL.root": 374443.23048339994,
    "ZZTo2L2Q.root": 156973438.97222716,
    "ZZTo4L.root": 253996912.44951266,
    "ZZZ.root": 3685.188580008,
    "tZq_ll.root": 989552.8819026947,
    "ttHJetToNonbb.root": 9387764.9008816,
    "ttHJetTobb.root": 9939992.451407999
}