{
    "DYJetsToLL_M-10to50.root": 39360052.61886843,
    "DYJetsToLL_M-50.root": 3462175967212.7417,
    "DYToLL_0J.root": 568945199319.2693,
    "DYToLL_1J.root": 453273303787.6434,
    "DYToLL_2J.root": 162847524095.11002,
    "GluGluHToBB.root": 1661671723.0487666,
    "GluGluHToGG.root": 213408144.6169023,
    "GluGluHToMuMu.root": 41223730.4977909,
    "GluGluHToTauTau.root": 270002125.57147926,
    "GluGluHToWWTo2L2Nu.root": 28861156.13513852,
    "GluGluHToWWToLNuQQ.root": 28859238.7279536,
    "GluGluHToZZTo2L2Q.root": 28416965.698800724,
    "GluGluHToZZTo4L.root": 27657936.805563044,
    "HZJ_HToWW.root": 789479.4179141338,
    "ST_schannel_4f.root": 74567625.13430889,
    "ST_tW_antitop_5f.root": 263114694.7407968,
    "ST_tW_top_5f.root": 334874722.2088432,
    "ST_tWll_5f.root": 248386.9630700011,
    "ST_tchannel_antitop_4f.root": 5125996535.388435,
    "ST_tchannel_top_4f.root": 16603455266.973835,
    "TGJets.root": 6935139.129627101,
    "THQ.root": 29509274.77399167,
    "THW.root": 14448497.238825774,
    "TTGJets.root": 33778755.654314876,
    "TTTT.root": 19034.166577239976,
    "TTTo2L2Nu.root": 4635769336.539397,
    "TTToHadronic.root": 40365589848.6097,
    "TTToSemiLeptonic.root": 30316658030.97673,
    "TTWH.root": 198923.4823714278,
    "TTWJetsToLNu.root": 1690091.7820566029,
    "TTWJetsToQQ.root": 580758.8456673446,
    "TTWW.root": 979202.6633155461,
    "TTZH.root": 199302.8336875437,
    "TTZToLLNuNu_M-10.root": 3226764.905738057,
    "TTZToLL_M-1to10.root": 13361.866623262553,
    "TTZToQQ.root": 4880506.695515014,
    "VBFHToBB.root": 29282880.302098744,
    "VBFHToGG.root": 7681928.60448764,
    "VBFHToMuMu.root": 3859616.343060444,
    "VBFHToTauTau.root": 11578272.754557664,
    "VBFHToWWTo2L2Nu.root": 3877039.046967743,
    "VBFHToWWToLNuQQ.root": 3937455.6159251872,
    "VBFHToZZTo4L.root": 1967465.1880714244,
    "VHToNonbb.root": 6463269.9650760405,
    "W1JetsToLNu.root": 51041402.23692221,
    "W2JetsToLNu.root": 23268796.8161659,
    "W3JetsToLNu.root": 14489898.905917957,
    "W4JetsToLNu.root": 10059700.494647194,
    "WGToLNuG.root": 9954974046.23229,
    "WJetsToLNu.root": 70962105.74151348,
    "WJetsToLNu_HT-100To200.root": 29385684.20882977,
    "WJetsToLNu_HT-1200To2500.root": 7567071.148008632,
    "WJetsToLNu_HT-200To400.root": 25415129.212618183,
    "WJetsToLNu_HT-2500ToInf.root": 3189396.079118263,
    "WJetsToLNu_HT-400To600.root": 5913597.774313183,
    "WJetsToLNu_HT-600To800.root": 19690762.310800023,
    "WJetsToLNu_HT-70To100.root": 28054964.870890073,
    "WJetsToLNu_HT-800To1200.root": 8357921.270734886,
    "WWTo2L2Nu.root": 85917642.68532673,
    "WWTo2L2Nu_DoubleScattering.root": 871417.5183000002,
    "WWToLNuQQ.root": 882614858.1452532,
    "WWW.root": 51526.372023297066,
    "WWZ.root": 41782.72563575991,
    "WZG.root": 85234.51958654789,
    "WZTo2L2Q.root": 275210257.92618185,
    "WZTo3LNu.root": 189243127.7068001,
    "WZZ.root": 14244.579474767335,
    "WminusH_HToBB_WToLNu.root": 640068.0538160111,
    "WpWpJJ.root": 149261.34558008696,
    "WplusH_HToBB_WToLNu.root": 1017756.0333170833,
    "ZGTo2LG.root": 1514115614.24273,
    "ZHToTauTau.root": 3757651.586189425,
    "ZH_HToBB_ZToLL.root": 558251.7187889506,
    "ZZTo2L2Q.root": 157311202.3763805,
    "ZZTo4L.root": 139842759.39029408,
    "ZZZ.root": 3682.9220400808586,
    "tZq_ll.root": 1023746.4099003623,
    "ttHJetToNonbb.root": 9429847.231464049,
    "ttHJetTobb.root": 10065528.990323998
}
