{
    "GluGluToBulkGravitonToHHTo2B2Tau_M-1000.root": 99978.43572760453,
    "GluGluToBulkGravitonToHHTo2B2Tau_M-1250.root": 99948.75188294884,
    "GluGluToBulkGravitonToHHTo2B2Tau_M-1500.root": 99942.6322,
    "GluGluToBulkGravitonToHHTo2B2Tau_M-1750.root": 99933.76597692259,
    "GluGluToBulkGravitonToHHTo2B2Tau_M-2000.root": 99913.13828673272,
    "GluGluToBulkGravitonToHHTo2B2Tau_M-250.root": 379960.1120346058,
    "GluGluToBulkGravitonToHHTo2B2Tau_M-2500.root": 99869.09571426123,
    "GluGluToBulkGravitonToHHTo2B2Tau_M-260.root": 381956.503199,
    "GluGluToBulkGravitonToHHTo2B2Tau_M-270.root": 399939.2076020313,
    "GluGluToBulkGravitonToHHTo2B2Tau_M-280.root": 379959.994099,
    "GluGluToBulkGravitonToHHTo2B2Tau_M-300.root": 275971.8918,
    "GluGluToBulkGravitonToHHTo2B2Tau_M-3000.root": 99764.21211228351,
    "GluGluToBulkGravitonToHHTo2B2Tau_M-320.root": 299954.7389813997,
    "GluGluToBulkGravitonToHHTo2B2Tau_M-350.root": 299954.48201049014,
    "GluGluToBulkGravitonToHHTo2B2Tau_M-400.root": 299946.253198,
    "GluGluToBulkGravitonToHHTo2B2Tau_M-450.root": 299956.6747568134,
    "GluGluToBulkGravitonToHHTo2B2Tau_M-500.root": 299949.6764375136,
    "GluGluToBulkGravitonToHHTo2B2Tau_M-550.root": 299954.2225223483,
    "GluGluToBulkGravitonToHHTo2B2Tau_M-600.root": 199962.28410616596,
    "GluGluToBulkGravitonToHHTo2B2Tau_M-650.root": 199963.52655039643,
    "GluGluToBulkGravitonToHHTo2B2Tau_M-700.root": 199961.16567652937,
    "GluGluToBulkGravitonToHHTo2B2Tau_M-750.root": 199964.4841,
    "GluGluToBulkGravitonToHHTo2B2Tau_M-800.root": 199943.50464670954,
    "GluGluToBulkGravitonToHHTo2B2Tau_M-850.root": 189959.51239999998,
    "GluGluToBulkGravitonToHHTo2B2Tau_M-900.root": 199970.73369899997,
    "GluGluToHHTo2B2Tau_node_10.root": 399923.3396044127,
    "GluGluToHHTo2B2Tau_node_11.root": 399924.5358871205,
    "GluGluToHHTo2B2Tau_node_12.root": 399928.40121493256,
    "GluGluToHHTo2B2Tau_node_2.root": 399867.03604984365,
    "GluGluToHHTo2B2Tau_node_3.root": 384937.79608588864,
    "GluGluToHHTo2B2Tau_node_4.root": 399944.96450529795,
    "GluGluToHHTo2B2Tau_node_5.root": 399932.1685933451,
    "GluGluToHHTo2B2Tau_node_6.root": 387940.723299,
    "GluGluToHHTo2B2Tau_node_7.root": 344935.7224648756,
    "GluGluToHHTo2B2Tau_node_8.root": 399936.3247,
    "GluGluToHHTo2B2Tau_node_9.root": 394889.8724253413,
    "GluGluToHHTo2B2Tau_node_SM.root": 399933.5780019479,
    "GluGluToHHTo2B2Tau_node_cHHH0.root": 65602.68490541067,
    "GluGluToHHTo2B2Tau_node_cHHH1.root": 31715.745148775837,
    "GluGluToHHTo2B2Tau_node_cHHH2p45.root": 446491.032067729,
    "GluGluToHHTo2B2Tau_node_cHHH5.root": 78988.30555889584,
    "GluGluToHHTo2B2VLNu2J_node_cHHH0.root": 24083.479322962077,
    "GluGluToHHTo2B2VLNu2J_node_cHHH1.root": 10486.741058972751,
    "GluGluToHHTo2B2VLNu2J_node_cHHH2p45.root": 287451.8751491712,
    "GluGluToHHTo2B2VLNu2J_node_cHHH5.root": 52832.67587407376,
    "GluGluToHHTo2B2VTo2L2Nu_node_cHHH0.root": 23079.425992070675,
    "GluGluToHHTo2B2VTo2L2Nu_node_cHHH1.root": 12025.97434383735,
    "GluGluToHHTo2B2VTo2L2Nu_node_cHHH2p45.root": 4521.380121193644,
    "GluGluToHHTo2B2VTo2L2Nu_node_cHHH5.root": 34225.95400179828,
    "GluGluToRadionToHHTo2B2Tau_M-1000.root": 99951.22607543928,
    "GluGluToRadionToHHTo2B2Tau_M-1250.root": 99955.88984717602,
    "GluGluToRadionToHHTo2B2Tau_M-1500.root": 99943.04535290044,
    "GluGluToRadionToHHTo2B2Tau_M-1750.root": 99932.0822696578,
    "GluGluToRadionToHHTo2B2Tau_M-2000.root": 99912.29089005101,
    "GluGluToRadionToHHTo2B2Tau_M-250.root": 399953.2829,
    "GluGluToRadionToHHTo2B2Tau_M-2500.root": 74892.02309916739,
    "GluGluToRadionToHHTo2B2Tau_M-260.root": 383957.80035520514,
    "GluGluToRadionToHHTo2B2Tau_M-270.root": 399942.2832,
    "GluGluToRadionToHHTo2B2Tau_M-280.root": 393945.63239999994,
    "GluGluToRadionToHHTo2B2Tau_M-300.root": 281967.9204594378,
    "GluGluToRadionToHHTo2B2Tau_M-3000.root": 99748.19957457758,
    "GluGluToRadionToHHTo2B2Tau_M-320.root": 299965.2622,
    "GluGluToRadionToHHTo2B2Tau_M-350.root": 299964.08024399506,
    "GluGluToRadionToHHTo2B2Tau_M-400.root": 299954.9664393892,
    "GluGluToRadionToHHTo2B2Tau_M-450.root": 299953.62694408826,
    "GluGluToRadionToHHTo2B2Tau_M-500.root": 278947.7093779137,
    "GluGluToRadionToHHTo2B2Tau_M-550.root": 299930.46515086386,
    "GluGluToRadionToHHTo2B2Tau_M-600.root": 199960.5821185556,
    "GluGluToRadionToHHTo2B2Tau_M-650.root": 199960.86675802042,
    "GluGluToRadionToHHTo2B2Tau_M-700.root": 189960.73206560093,
    "GluGluToRadionToHHTo2B2Tau_M-750.root": 199960.24309999996,
    "GluGluToRadionToHHTo2B2Tau_M-800.root": 199953.85839840682,
    "GluGluToRadionToHHTo2B2Tau_M-850.root": 199952.0534,
    "GluGluToRadionToHHTo2B2Tau_M-900.root": 199948.26499999998,
    "VBFHHTo2B2Tau_CV_0_5_C2V_1_C3_1.root": 381986.54604989395,
    "VBFHHTo2B2Tau_CV_1_5_C2V_1_C3_1.root": 394879.22354698787,
    "VBFHHTo2B2Tau_CV_1_C2V_1_C3_0.root": 380736.6595261541,
    "VBFHHTo2B2Tau_CV_1_C2V_1_C3_1.root": 396032.08375982323,
    "VBFHHTo2B2Tau_CV_1_C2V_1_C3_2.root": 395995.6484153955,
    "VBFHHTo2B2Tau_CV_1_C2V_2_C3_1.root": 392872.6171500847,
    "VBFToBulkGravitonToHHTo2B2Tau_M-1000.root": 98083.4560625038,
    "VBFToBulkGravitonToHHTo2B2Tau_M-1200.root": 97645.63507717488,
    "VBFToBulkGravitonToHHTo2B2Tau_M-1750.root": 96233.29682749919,
    "VBFToBulkGravitonToHHTo2B2Tau_M-2000.root": 95206.93788281152,
    "VBFToBulkGravitonToHHTo2B2Tau_M-250.root": 394288.7063979201,
    "VBFToBulkGravitonToHHTo2B2Tau_M-260.root": 396137.6039646089,
    "VBFToBulkGravitonToHHTo2B2Tau_M-270.root": 380366.6555647344,
    "VBFToBulkGravitonToHHTo2B2Tau_M-280.root": 352518.1696138575,
    "VBFToBulkGravitonToHHTo2B2Tau_M-300.root": 297127.1629644686,
    "VBFToBulkGravitonToHHTo2B2Tau_M-320.root": 297120.0153505706,
    "VBFToBulkGravitonToHHTo2B2Tau_M-350.root": 287281.86579622055,
    "VBFToBulkGravitonToHHTo2B2Tau_M-400.root": 281217.5421829244,
    "VBFToBulkGravitonToHHTo2B2Tau_M-450.root": 291976.49988952366,
    "VBFToBulkGravitonToHHTo2B2Tau_M-500.root": 296825.1428643,
    "VBFToBulkGravitonToHHTo2B2Tau_M-600.root": 189789.12153237063,
    "VBFToBulkGravitonToHHTo2B2Tau_M-650.root": 197498.50304253757,
    "VBFToBulkGravitonToHHTo2B2Tau_M-700.root": 197156.0172242242,
    "VBFToBulkGravitonToHHTo2B2Tau_M-750.root": 197146.12594302723,
    "VBFToBulkGravitonToHHTo2B2Tau_M-850.root": 196764.83970536615,
    "VBFToBulkGravitonToHHTo2B2Tau_M-900.root": 196665.38165361047,
    "VBFToRadionToHHTo2B2Tau_M-1000.root": 99939.1532139531,
    "VBFToRadionToHHTo2B2Tau_M-1250.root": 99868.90678969916,
    "VBFToRadionToHHTo2B2Tau_M-1500.root": 99819.04206095521,
    "VBFToRadionToHHTo2B2Tau_M-1750.root": 90819.34821814804,
    "VBFToRadionToHHTo2B2Tau_M-2000.root": 83686.21506887482,
    "VBFToRadionToHHTo2B2Tau_M-250.root": 399923.6527683452,
    "VBFToRadionToHHTo2B2Tau_M-260.root": 399903.3193373084,
    "VBFToRadionToHHTo2B2Tau_M-270.root": 383943.92331498617,
    "VBFToRadionToHHTo2B2Tau_M-280.root": 377920.13312314684,
    "VBFToRadionToHHTo2B2Tau_M-300.root": 299920.89229339635,
    "VBFToRadionToHHTo2B2Tau_M-3000.root": 98859.1975811255,
    "VBFToRadionToHHTo2B2Tau_M-320.root": 267939.8466117454,
    "VBFToRadionToHHTo2B2Tau_M-350.root": 299914.9448729982,
    "VBFToRadionToHHTo2B2Tau_M-400.root": 283904.2789131771,
    "VBFToRadionToHHTo2B2Tau_M-450.root": 299890.4761634505,
    "VBFToRadionToHHTo2B2Tau_M-500.root": 299901.4320015034,
    "VBFToRadionToHHTo2B2Tau_M-550.root": 291879.09609764547,
    "VBFToRadionToHHTo2B2Tau_M-600.root": 199898.9217613371,
    "VBFToRadionToHHTo2B2Tau_M-650.root": 191890.89374682197,
    "VBFToRadionToHHTo2B2Tau_M-700.root": 199888.4194680414,
    "VBFToRadionToHHTo2B2Tau_M-750.root": 191898.86885459273,
    "VBFToRadionToHHTo2B2Tau_M-800.root": 199873.5763547702,
    "VBFToRadionToHHTo2B2Tau_M-900.root": 199805.75240403888
}